,name,6.9.2020,6.12.2020,6.13.2020,6.15.2020,6.16.2020,6.17.2020,6.18.2020,6.19.2020,6.23.2020,6.24.2020,6.25.2020,6.26.2020,6.29.2020,6.30.2020,7.1.2020,7.2.2020,7.6.2020,7.7.2020,7.8.2020,7.13.2020,7.15.2020,7.17.2020,7.20.2020,7.22.2020
ChIJGSLwryFawokRP0c268Oa2Cg,Bright Horizons,OPERATIONAL,OPERATIONAL,OPERATIONAL,OPERATIONAL,OPERATIONAL,OPERATIONAL,OPERATIONAL,OPERATIONAL,OPERATIONAL,OPERATIONAL,OPERATIONAL,OPERATIONAL,OPERATIONAL,OPERATIONAL,OPERATIONAL,OPERATIONAL,OPERATIONAL,OPERATIONAL,OPERATIONAL,OPERATIONAL,OPERATIONAL,OPERATIONAL,OPERATIONAL,OPERATIONAL
ChIJ_ciuHAJZwokROraLaqzbJt0,Bright Horizons,OPERATIONAL,OPERATIONAL,OPERATIONAL,OPERATIONAL,OPERATIONAL,OPERATIONAL,OPERATIONAL,OPERATIONAL,OPERATIONAL,OPERATIONAL,OPERATIONAL,OPERATIONAL,OPERATIONAL,OPERATIONAL,OPERATIONAL,OPERATIONAL,OPERATIONAL,OPERATIONAL,OPERATIONAL,OPERATIONAL,OPERATIONAL,OPERATIONAL,OPERATIONAL,OPERATIONAL
ChIJ-UDLaMVRwokRJ0gIY5sBifM,Bright Horizons at Harborside - BACK UP CARE,OPERATIONAL,OPERATIONAL,OPERATIONAL,OPERATIONAL,OPERATIONAL,OPERATIONAL,OPERATIONAL,OPERATIONAL,OPERATIONAL,OPERATIONAL,OPERATIONAL,OPERATIONAL,OPERATIONAL,OPERATIONAL,OPERATIONAL,OPERATIONAL,OPERATIONAL,OPERATIONAL,OPERATIONAL,OPERATIONAL,OPERATIONAL,OPERATIONAL,OPERATIONAL,OPERATIONAL
ChIJtVciihRawokRx1aSzKmoaT8,Bright Horizons,OPERATIONAL,OPERATIONAL,OPERATIONAL,OPERATIONAL,OPERATIONAL,OPERATIONAL,OPERATIONAL,OPERATIONAL,OPERATIONAL,OPERATIONAL,OPERATIONAL,OPERATIONAL,OPERATIONAL,OPERATIONAL,OPERATIONAL,OPERATIONAL,OPERATIONAL,OPERATIONAL,OPERATIONAL,OPERATIONAL,OPERATIONAL,OPERATIONAL,OPERATIONAL,OPERATIONAL
ChIJlw0Ro86_woARlX3H7s8DGMU,Bright Horizons,OPERATIONAL,OPERATIONAL,OPERATIONAL,OPERATIONAL,OPERATIONAL,OPERATIONAL,OPERATIONAL,OPERATIONAL,OPERATIONAL,OPERATIONAL,OPERATIONAL,OPERATIONAL,OPERATIONAL,OPERATIONAL,OPERATIONAL,OPERATIONAL,OPERATIONAL,OPERATIONAL,OPERATIONAL,OPERATIONAL,OPERATIONAL,OPERATIONAL,OPERATIONAL,OPERATIONAL
ChIJRcEwgLPHwoAR3TYc3xQYLWs,Bright Horizons,OPERATIONAL,OPERATIONAL,OPERATIONAL,OPERATIONAL,OPERATIONAL,OPERATIONAL,OPERATIONAL,OPERATIONAL,OPERATIONAL,OPERATIONAL,OPERATIONAL,OPERATIONAL,OPERATIONAL,OPERATIONAL,OPERATIONAL,OPERATIONAL,OPERATIONAL,OPERATIONAL,OPERATIONAL,OPERATIONAL,OPERATIONAL,OPERATIONAL,OPERATIONAL,OPERATIONAL
ChIJfUVq5AW7woAROICb7SPddfw,"The Academy, A Bright Horizons Preschool",OPERATIONAL,OPERATIONAL,OPERATIONAL,OPERATIONAL,OPERATIONAL,OPERATIONAL,OPERATIONAL,OPERATIONAL,OPERATIONAL,OPERATIONAL,OPERATIONAL,OPERATIONAL,OPERATIONAL,OPERATIONAL,OPERATIONAL,OPERATIONAL,OPERATIONAL,OPERATIONAL,OPERATIONAL,OPERATIONAL,OPERATIONAL,OPERATIONAL,OPERATIONAL,OPERATIONAL
ChIJ7aVxnOTHwoARxKIntFtakKo,University of Southern California,OPERATIONAL,OPERATIONAL,OPERATIONAL,OPERATIONAL,OPERATIONAL,OPERATIONAL,OPERATIONAL,OPERATIONAL,OPERATIONAL,OPERATIONAL,OPERATIONAL,OPERATIONAL,OPERATIONAL,OPERATIONAL,OPERATIONAL,OPERATIONAL,OPERATIONAL,OPERATIONAL,OPERATIONAL,OPERATIONAL,OPERATIONAL,OPERATIONAL,OPERATIONAL,OPERATIONAL
ChIJwU6Z3z6_QIYRY6nQQww3nwA,Bright Horizons Learning Center,OPERATIONAL,OPERATIONAL,OPERATIONAL,OPERATIONAL,OPERATIONAL,OPERATIONAL,OPERATIONAL,OPERATIONAL,OPERATIONAL,OPERATIONAL,OPERATIONAL,OPERATIONAL,OPERATIONAL,OPERATIONAL,OPERATIONAL,OPERATIONAL,OPERATIONAL,OPERATIONAL,OPERATIONAL,OPERATIONAL,OPERATIONAL,OPERATIONAL,OPERATIONAL,OPERATIONAL
ChIJFRxEbDu_QIYRb9hjxW68ZlY,Bright Horizons Downtown,OPERATIONAL,OPERATIONAL,OPERATIONAL,OPERATIONAL,OPERATIONAL,OPERATIONAL,OPERATIONAL,OPERATIONAL,OPERATIONAL,OPERATIONAL,OPERATIONAL,OPERATIONAL,OPERATIONAL,OPERATIONAL,OPERATIONAL,OPERATIONAL,OPERATIONAL,OPERATIONAL,OPERATIONAL,OPERATIONAL,OPERATIONAL,OPERATIONAL,OPERATIONAL,OPERATIONAL
ChIJjym8gn_cQIYRkRGCFkvdk8M,Woodcreek Child Development Center,CLOSED_TEMPORARILY,CLOSED_TEMPORARILY,CLOSED_TEMPORARILY,CLOSED_TEMPORARILY,CLOSED_TEMPORARILY,CLOSED_TEMPORARILY,CLOSED_TEMPORARILY,CLOSED_TEMPORARILY,CLOSED_TEMPORARILY,CLOSED_TEMPORARILY,CLOSED_TEMPORARILY,CLOSED_TEMPORARILY,CLOSED_TEMPORARILY,CLOSED_TEMPORARILY,CLOSED_TEMPORARILY,CLOSED_TEMPORARILY,CLOSED_TEMPORARILY,CLOSED_TEMPORARILY,CLOSED_TEMPORARILY,CLOSED_TEMPORARILY,CLOSED_TEMPORARILY,CLOSED_TEMPORARILY,CLOSED_TEMPORARILY,CLOSED_TEMPORARILY
ChIJCQ-yrBPAQIYR9RRnwB1LSzc,Houston Methodist Child Care Center,OPERATIONAL,OPERATIONAL,OPERATIONAL,OPERATIONAL,OPERATIONAL,OPERATIONAL,OPERATIONAL,OPERATIONAL,OPERATIONAL,OPERATIONAL,OPERATIONAL,OPERATIONAL,OPERATIONAL,OPERATIONAL,OPERATIONAL,OPERATIONAL,OPERATIONAL,OPERATIONAL,OPERATIONAL,OPERATIONAL,OPERATIONAL,OPERATIONAL,OPERATIONAL,OPERATIONAL
ChIJb7_UUHbAQIYRjoNOM4VQYbs,Baylor College of Medicine,OPERATIONAL,OPERATIONAL,OPERATIONAL,OPERATIONAL,OPERATIONAL,OPERATIONAL,OPERATIONAL,OPERATIONAL,OPERATIONAL,OPERATIONAL,OPERATIONAL,OPERATIONAL,OPERATIONAL,OPERATIONAL,OPERATIONAL,OPERATIONAL,OPERATIONAL,OPERATIONAL,OPERATIONAL,OPERATIONAL,OPERATIONAL,OPERATIONAL,OPERATIONAL,OPERATIONAL
ChIJJYX_ReYIK4cR-Y7cnoPc47c,Campus Children's Center,OPERATIONAL,OPERATIONAL,OPERATIONAL,OPERATIONAL,OPERATIONAL,OPERATIONAL,OPERATIONAL,OPERATIONAL,OPERATIONAL,OPERATIONAL,OPERATIONAL,OPERATIONAL,OPERATIONAL,OPERATIONAL,OPERATIONAL,OPERATIONAL,OPERATIONAL,OPERATIONAL,OPERATIONAL,OPERATIONAL,OPERATIONAL,OPERATIONAL,OPERATIONAL,OPERATIONAL
ChIJp3Xy-9W2xokRtiv9qovvIdY,Bright Horizons,OPERATIONAL,OPERATIONAL,OPERATIONAL,OPERATIONAL,OPERATIONAL,OPERATIONAL,OPERATIONAL,OPERATIONAL,OPERATIONAL,OPERATIONAL,OPERATIONAL,OPERATIONAL,OPERATIONAL,OPERATIONAL,OPERATIONAL,OPERATIONAL,OPERATIONAL,OPERATIONAL,OPERATIONAL,OPERATIONAL,OPERATIONAL,OPERATIONAL,OPERATIONAL,OPERATIONAL
ChIJUbDzVB3JxokRKWsX0gbtdPQ,Bright Horizons,OPERATIONAL,OPERATIONAL,OPERATIONAL,OPERATIONAL,OPERATIONAL,OPERATIONAL,OPERATIONAL,OPERATIONAL,OPERATIONAL,OPERATIONAL,OPERATIONAL,OPERATIONAL,OPERATIONAL,OPERATIONAL,OPERATIONAL,OPERATIONAL,OPERATIONAL,OPERATIONAL,OPERATIONAL,OPERATIONAL,OPERATIONAL,OPERATIONAL,OPERATIONAL,OPERATIONAL
ChIJkZUak_eixokRxxzvCaqpQus,Bright Horizons,OPERATIONAL,OPERATIONAL,OPERATIONAL,OPERATIONAL,OPERATIONAL,OPERATIONAL,OPERATIONAL,OPERATIONAL,OPERATIONAL,OPERATIONAL,OPERATIONAL,OPERATIONAL,OPERATIONAL,OPERATIONAL,OPERATIONAL,OPERATIONAL,OPERATIONAL,OPERATIONAL,OPERATIONAL,OPERATIONAL,OPERATIONAL,OPERATIONAL,OPERATIONAL,OPERATIONAL
ChIJfXmS5qijxokRFd3ZV9u5O2M,Merck Child Learning Center,OPERATIONAL,OPERATIONAL,OPERATIONAL,OPERATIONAL,OPERATIONAL,OPERATIONAL,OPERATIONAL,OPERATIONAL,OPERATIONAL,OPERATIONAL,OPERATIONAL,OPERATIONAL,OPERATIONAL,OPERATIONAL,OPERATIONAL,OPERATIONAL,OPERATIONAL,OPERATIONAL,OPERATIONAL,OPERATIONAL,OPERATIONAL,OPERATIONAL,OPERATIONAL,OPERATIONAL
ChIJv6ovFDZnXIYRk2Ghoa3lNYw,Bright Horizons,OPERATIONAL,OPERATIONAL,OPERATIONAL,OPERATIONAL,OPERATIONAL,OPERATIONAL,OPERATIONAL,OPERATIONAL,OPERATIONAL,OPERATIONAL,OPERATIONAL,OPERATIONAL,OPERATIONAL,OPERATIONAL,OPERATIONAL,OPERATIONAL,OPERATIONAL,OPERATIONAL,OPERATIONAL,OPERATIONAL,OPERATIONAL,OPERATIONAL,OPERATIONAL,OPERATIONAL
ChIJ9bJQgJFmXIYRDf56OAmT4WU,Valero Family Center,OPERATIONAL,OPERATIONAL,OPERATIONAL,OPERATIONAL,OPERATIONAL,OPERATIONAL,OPERATIONAL,OPERATIONAL,OPERATIONAL,OPERATIONAL,OPERATIONAL,OPERATIONAL,OPERATIONAL,OPERATIONAL,OPERATIONAL,OPERATIONAL,OPERATIONAL,OPERATIONAL,OPERATIONAL,OPERATIONAL,OPERATIONAL,OPERATIONAL,OPERATIONAL,OPERATIONAL
ChIJq00pSzBBXIYRxFg6mwo1rx8,Child Care Center at Citibank Service Center,CLOSED_TEMPORARILY,CLOSED_TEMPORARILY,CLOSED_TEMPORARILY,CLOSED_TEMPORARILY,CLOSED_TEMPORARILY,CLOSED_TEMPORARILY,CLOSED_TEMPORARILY,CLOSED_TEMPORARILY,CLOSED_TEMPORARILY,CLOSED_TEMPORARILY,CLOSED_TEMPORARILY,CLOSED_TEMPORARILY,CLOSED_TEMPORARILY,CLOSED_TEMPORARILY,CLOSED_TEMPORARILY,CLOSED_TEMPORARILY,CLOSED_TEMPORARILY,CLOSED_TEMPORARILY,CLOSED_TEMPORARILY,CLOSED_TEMPORARILY,CLOSED_TEMPORARILY,CLOSED_TEMPORARILY,CLOSED_TEMPORARILY,CLOSED_TEMPORARILY
ChIJaXRVbjZnXIYRTUIuaxrwgsw,USAA Child Development Center - USAA Employees Only,OPERATIONAL,OPERATIONAL,OPERATIONAL,OPERATIONAL,OPERATIONAL,OPERATIONAL,OPERATIONAL,OPERATIONAL,OPERATIONAL,OPERATIONAL,OPERATIONAL,OPERATIONAL,OPERATIONAL,OPERATIONAL,OPERATIONAL,OPERATIONAL,OPERATIONAL,OPERATIONAL,OPERATIONAL,OPERATIONAL,OPERATIONAL,OPERATIONAL,OPERATIONAL,OPERATIONAL
ChIJue_9zKBgXIYRQvGuWg2hLS8,New Horizons Computer Learning Centers,OPERATIONAL,OPERATIONAL,OPERATIONAL,OPERATIONAL,OPERATIONAL,OPERATIONAL,OPERATIONAL,OPERATIONAL,OPERATIONAL,OPERATIONAL,OPERATIONAL,OPERATIONAL,OPERATIONAL,OPERATIONAL,OPERATIONAL,OPERATIONAL,OPERATIONAL,OPERATIONAL,OPERATIONAL,OPERATIONAL,OPERATIONAL,OPERATIONAL,OPERATIONAL,OPERATIONAL
ChIJjWo3YNwL3IARxISB67k_-Qc,Bright Horizon,OPERATIONAL,OPERATIONAL,OPERATIONAL,OPERATIONAL,OPERATIONAL,OPERATIONAL,OPERATIONAL,OPERATIONAL,OPERATIONAL,OPERATIONAL,OPERATIONAL,OPERATIONAL,OPERATIONAL,OPERATIONAL,OPERATIONAL,OPERATIONAL,OPERATIONAL,OPERATIONAL,OPERATIONAL,OPERATIONAL,OPERATIONAL,OPERATIONAL,OPERATIONAL,OPERATIONAL
ChIJz1QdPjNX2YARTMnjUPywxMM,Bright Horizon Academy,OPERATIONAL,OPERATIONAL,OPERATIONAL,OPERATIONAL,OPERATIONAL,OPERATIONAL,OPERATIONAL,OPERATIONAL,OPERATIONAL,OPERATIONAL,OPERATIONAL,OPERATIONAL,OPERATIONAL,OPERATIONAL,OPERATIONAL,OPERATIONAL,OPERATIONAL,OPERATIONAL,OPERATIONAL,OPERATIONAL,OPERATIONAL,OPERATIONAL,OPERATIONAL,OPERATIONAL
ChIJT69MQcQG3IARpz6Rifyqtu8,University of California San Diego,OPERATIONAL,OPERATIONAL,OPERATIONAL,OPERATIONAL,OPERATIONAL,OPERATIONAL,OPERATIONAL,OPERATIONAL,OPERATIONAL,OPERATIONAL,OPERATIONAL,OPERATIONAL,OPERATIONAL,OPERATIONAL,OPERATIONAL,OPERATIONAL,OPERATIONAL,OPERATIONAL,OPERATIONAL,OPERATIONAL,OPERATIONAL,OPERATIONAL,OPERATIONAL,OPERATIONAL
ChIJmxXshYz_24ARcIBtvLQ0KaM,Islamic School of San Diego,OPERATIONAL,OPERATIONAL,OPERATIONAL,OPERATIONAL,OPERATIONAL,OPERATIONAL,OPERATIONAL,OPERATIONAL,OPERATIONAL,OPERATIONAL,OPERATIONAL,OPERATIONAL,OPERATIONAL,OPERATIONAL,OPERATIONAL,OPERATIONAL,OPERATIONAL,OPERATIONAL,OPERATIONAL,OPERATIONAL,OPERATIONAL,OPERATIONAL,OPERATIONAL,OPERATIONAL
ChIJIaCJJDIH3IARJ0tJyyCn-nU,Foulke Garrett E MD,OPERATIONAL,OPERATIONAL,OPERATIONAL,OPERATIONAL,OPERATIONAL,OPERATIONAL,OPERATIONAL,OPERATIONAL,OPERATIONAL,OPERATIONAL,OPERATIONAL,OPERATIONAL,OPERATIONAL,OPERATIONAL,OPERATIONAL,OPERATIONAL,OPERATIONAL,OPERATIONAL,OPERATIONAL,OPERATIONAL,OPERATIONAL,OPERATIONAL,OPERATIONAL,OPERATIONAL
ChIJjR_wfGwgTIYRm3elzJwqj8U,Bright horizon,OPERATIONAL,OPERATIONAL,OPERATIONAL,OPERATIONAL,OPERATIONAL,OPERATIONAL,OPERATIONAL,OPERATIONAL,OPERATIONAL,OPERATIONAL,OPERATIONAL,OPERATIONAL,OPERATIONAL,OPERATIONAL,OPERATIONAL,OPERATIONAL,OPERATIONAL,OPERATIONAL,OPERATIONAL,OPERATIONAL,OPERATIONAL,OPERATIONAL,OPERATIONAL,OPERATIONAL
ChIJQereWvAoTIYRqk2yAf8rYuA,Bright Horizons,CLOSED_TEMPORARILY,CLOSED_TEMPORARILY,CLOSED_TEMPORARILY,CLOSED_TEMPORARILY,CLOSED_TEMPORARILY,CLOSED_TEMPORARILY,CLOSED_TEMPORARILY,CLOSED_TEMPORARILY,CLOSED_TEMPORARILY,CLOSED_TEMPORARILY,CLOSED_TEMPORARILY,CLOSED_TEMPORARILY,CLOSED_TEMPORARILY,CLOSED_TEMPORARILY,CLOSED_TEMPORARILY,CLOSED_TEMPORARILY,CLOSED_TEMPORARILY,CLOSED_TEMPORARILY,CLOSED_TEMPORARILY,CLOSED_TEMPORARILY,CLOSED_TEMPORARILY,CLOSED_TEMPORARILY,CLOSED_TEMPORARILY,CLOSED_TEMPORARILY
ChIJ6wItllggTIYRghMIQ0aYR2s,Brighter Horizons,OPERATIONAL,OPERATIONAL,OPERATIONAL,OPERATIONAL,OPERATIONAL,OPERATIONAL,OPERATIONAL,OPERATIONAL,OPERATIONAL,OPERATIONAL,OPERATIONAL,OPERATIONAL,OPERATIONAL,OPERATIONAL,OPERATIONAL,OPERATIONAL,OPERATIONAL,OPERATIONAL,OPERATIONAL,OPERATIONAL,OPERATIONAL,OPERATIONAL,OPERATIONAL,OPERATIONAL
ChIJIXe_UYceTIYRyJGEVGeFI1o,Brighter Horizons Academy,OPERATIONAL,OPERATIONAL,OPERATIONAL,OPERATIONAL,OPERATIONAL,OPERATIONAL,OPERATIONAL,OPERATIONAL,OPERATIONAL,OPERATIONAL,OPERATIONAL,OPERATIONAL,OPERATIONAL,OPERATIONAL,OPERATIONAL,OPERATIONAL,OPERATIONAL,OPERATIONAL,OPERATIONAL,OPERATIONAL,OPERATIONAL,OPERATIONAL,OPERATIONAL,OPERATIONAL
ChIJZyElqxyfToYR6ylPQPDQtkY,SMU Child Care & Preschool Center,CLOSED_TEMPORARILY,CLOSED_TEMPORARILY,CLOSED_TEMPORARILY,CLOSED_TEMPORARILY,CLOSED_TEMPORARILY,CLOSED_TEMPORARILY,CLOSED_TEMPORARILY,CLOSED_TEMPORARILY,OPERATIONAL,OPERATIONAL,OPERATIONAL,OPERATIONAL,OPERATIONAL,OPERATIONAL,OPERATIONAL,OPERATIONAL,OPERATIONAL,OPERATIONAL,OPERATIONAL,OPERATIONAL,OPERATIONAL,OPERATIONAL,OPERATIONAL,OPERATIONAL
ChIJF1HlTyCDToYRWDn4pWYlF2Q,New Horizons Computer Learning Centers,OPERATIONAL,OPERATIONAL,OPERATIONAL,OPERATIONAL,OPERATIONAL,OPERATIONAL,OPERATIONAL,OPERATIONAL,OPERATIONAL,OPERATIONAL,OPERATIONAL,OPERATIONAL,OPERATIONAL,OPERATIONAL,OPERATIONAL,OPERATIONAL,OPERATIONAL,OPERATIONAL,OPERATIONAL,OPERATIONAL,OPERATIONAL,OPERATIONAL,OPERATIONAL,OPERATIONAL
ChIJDQsgfi0z5IgRHkrVN5o8jrA,Citi Family Center - Bright Horizons,CLOSED_TEMPORARILY,CLOSED_TEMPORARILY,CLOSED_TEMPORARILY,CLOSED_TEMPORARILY,CLOSED_TEMPORARILY,CLOSED_TEMPORARILY,CLOSED_TEMPORARILY,CLOSED_TEMPORARILY,CLOSED_TEMPORARILY,CLOSED_TEMPORARILY,CLOSED_TEMPORARILY,CLOSED_TEMPORARILY,CLOSED_TEMPORARILY,CLOSED_TEMPORARILY,CLOSED_TEMPORARILY,CLOSED_TEMPORARILY,CLOSED_TEMPORARILY,CLOSED_TEMPORARILY,CLOSED_TEMPORARILY,CLOSED_TEMPORARILY,CLOSED_TEMPORARILY,CLOSED_TEMPORARILY,CLOSED_TEMPORARILY,CLOSED_TEMPORARILY
ChIJN8CPInpxToYRyR5Nu5iEff4,Bright Horizons,OPERATIONAL,OPERATIONAL,OPERATIONAL,OPERATIONAL,OPERATIONAL,OPERATIONAL,OPERATIONAL,OPERATIONAL,OPERATIONAL,OPERATIONAL,OPERATIONAL,OPERATIONAL,OPERATIONAL,OPERATIONAL,OPERATIONAL,OPERATIONAL,OPERATIONAL,OPERATIONAL,OPERATIONAL,OPERATIONAL,OPERATIONAL,OPERATIONAL,OPERATIONAL,OPERATIONAL
ChIJry17Uz9xToYRAd76jRrJN6I,Bright Horizons Montessori at Sundance,CLOSED_TEMPORARILY,CLOSED_TEMPORARILY,CLOSED_TEMPORARILY,CLOSED_TEMPORARILY,CLOSED_TEMPORARILY,CLOSED_TEMPORARILY,CLOSED_TEMPORARILY,CLOSED_TEMPORARILY,OPERATIONAL,OPERATIONAL,OPERATIONAL,OPERATIONAL,OPERATIONAL,OPERATIONAL,OPERATIONAL,OPERATIONAL,OPERATIONAL,OPERATIONAL,OPERATIONAL,OPERATIONAL,OPERATIONAL,OPERATIONAL,OPERATIONAL,OPERATIONAL
ChIJYdUn3Xp9ToYRKPOcYiAptHw,JPMorgan Chase - Arlington,CLOSED_TEMPORARILY,CLOSED_TEMPORARILY,CLOSED_TEMPORARILY,CLOSED_TEMPORARILY,CLOSED_TEMPORARILY,CLOSED_TEMPORARILY,CLOSED_TEMPORARILY,CLOSED_TEMPORARILY,CLOSED_TEMPORARILY,CLOSED_TEMPORARILY,CLOSED_TEMPORARILY,CLOSED_TEMPORARILY,CLOSED_TEMPORARILY,CLOSED_TEMPORARILY,CLOSED_TEMPORARILY,CLOSED_TEMPORARILY,CLOSED_TEMPORARILY,CLOSED_TEMPORARILY,CLOSED_TEMPORARILY,CLOSED_TEMPORARILY,CLOSED_TEMPORARILY,CLOSED_TEMPORARILY,CLOSED_TEMPORARILY,CLOSED_TEMPORARILY
ChIJWStfInpxToYRzpVfuAi4BZ0,Cook Children's Kids' Place,OPERATIONAL,OPERATIONAL,OPERATIONAL,OPERATIONAL,OPERATIONAL,OPERATIONAL,OPERATIONAL,OPERATIONAL,OPERATIONAL,OPERATIONAL,OPERATIONAL,OPERATIONAL,OPERATIONAL,OPERATIONAL,OPERATIONAL,OPERATIONAL,OPERATIONAL,OPERATIONAL,OPERATIONAL,OPERATIONAL,OPERATIONAL,OPERATIONAL,OPERATIONAL,OPERATIONAL
ChIJb0pjYsyNOIgRsCxjza8o7fQ,Bright Horizons,OPERATIONAL,OPERATIONAL,OPERATIONAL,OPERATIONAL,OPERATIONAL,OPERATIONAL,OPERATIONAL,OPERATIONAL,OPERATIONAL,OPERATIONAL,OPERATIONAL,OPERATIONAL,OPERATIONAL,OPERATIONAL,OPERATIONAL,OPERATIONAL,OPERATIONAL,OPERATIONAL,OPERATIONAL,OPERATIONAL,OPERATIONAL,OPERATIONAL,OPERATIONAL,OPERATIONAL
ChIJ4ybUWWSKOIgR1R66kzNSos8,Chase Back-Up Child Care Center,OPERATIONAL,OPERATIONAL,OPERATIONAL,OPERATIONAL,OPERATIONAL,OPERATIONAL,OPERATIONAL,OPERATIONAL,OPERATIONAL,OPERATIONAL,OPERATIONAL,OPERATIONAL,OPERATIONAL,OPERATIONAL,OPERATIONAL,OPERATIONAL,OPERATIONAL,OPERATIONAL,OPERATIONAL,OPERATIONAL,OPERATIONAL,OPERATIONAL,OPERATIONAL,OPERATIONAL
ChIJY3sS60gcVIgRqlgVq_N2grE,Bright Horizons at The Learning Garden,OPERATIONAL,OPERATIONAL,OPERATIONAL,OPERATIONAL,OPERATIONAL,OPERATIONAL,OPERATIONAL,OPERATIONAL,OPERATIONAL,OPERATIONAL,OPERATIONAL,OPERATIONAL,OPERATIONAL,OPERATIONAL,OPERATIONAL,OPERATIONAL,OPERATIONAL,OPERATIONAL,OPERATIONAL,OPERATIONAL,OPERATIONAL,OPERATIONAL,OPERATIONAL,OPERATIONAL
ChIJFYoeDXWLa4cR4dDQDWOZy10,Bright Horizons,OPERATIONAL,OPERATIONAL,OPERATIONAL,OPERATIONAL,OPERATIONAL,OPERATIONAL,OPERATIONAL,OPERATIONAL,OPERATIONAL,OPERATIONAL,OPERATIONAL,OPERATIONAL,OPERATIONAL,OPERATIONAL,OPERATIONAL,OPERATIONAL,OPERATIONAL,OPERATIONAL,OPERATIONAL,OPERATIONAL,OPERATIONAL,OPERATIONAL,OPERATIONAL,OPERATIONAL
ChIJSYlCPICMa4cRNZUyR8I9fA0,Bright Horizons Montessori at Interlocken,CLOSED_TEMPORARILY,CLOSED_TEMPORARILY,CLOSED_TEMPORARILY,CLOSED_TEMPORARILY,CLOSED_TEMPORARILY,CLOSED_TEMPORARILY,CLOSED_TEMPORARILY,CLOSED_TEMPORARILY,CLOSED_TEMPORARILY,CLOSED_TEMPORARILY,CLOSED_TEMPORARILY,CLOSED_TEMPORARILY,CLOSED_TEMPORARILY,CLOSED_TEMPORARILY,CLOSED_TEMPORARILY,CLOSED_TEMPORARILY,CLOSED_TEMPORARILY,CLOSED_TEMPORARILY,CLOSED_TEMPORARILY,CLOSED_TEMPORARILY,CLOSED_TEMPORARILY,CLOSED_TEMPORARILY,CLOSED_TEMPORARILY,CLOSED_TEMPORARILY
ChIJY7rtiNp4bIcR8YFOsidLTT4,Bright Horizons Montessori on the Mall,CLOSED_TEMPORARILY,CLOSED_TEMPORARILY,CLOSED_TEMPORARILY,CLOSED_TEMPORARILY,CLOSED_TEMPORARILY,CLOSED_TEMPORARILY,CLOSED_TEMPORARILY,CLOSED_TEMPORARILY,CLOSED_TEMPORARILY,CLOSED_TEMPORARILY,CLOSED_TEMPORARILY,CLOSED_TEMPORARILY,CLOSED_TEMPORARILY,CLOSED_TEMPORARILY,CLOSED_TEMPORARILY,CLOSED_TEMPORARILY,OPERATIONAL,OPERATIONAL,OPERATIONAL,OPERATIONAL,OPERATIONAL,OPERATIONAL,OPERATIONAL,OPERATIONAL
ChIJGzV50A5_a4cRznzFwpPo9mQ,Bright Horizons Montessori at Denver Place,CLOSED_TEMPORARILY,CLOSED_TEMPORARILY,CLOSED_TEMPORARILY,CLOSED_TEMPORARILY,CLOSED_TEMPORARILY,CLOSED_TEMPORARILY,CLOSED_TEMPORARILY,CLOSED_TEMPORARILY,CLOSED_TEMPORARILY,CLOSED_TEMPORARILY,CLOSED_TEMPORARILY,CLOSED_TEMPORARILY,CLOSED_TEMPORARILY,CLOSED_TEMPORARILY,CLOSED_TEMPORARILY,CLOSED_TEMPORARILY,CLOSED_TEMPORARILY,CLOSED_TEMPORARILY,CLOSED_TEMPORARILY,CLOSED_TEMPORARILY,CLOSED_TEMPORARILY,CLOSED_TEMPORARILY,CLOSED_TEMPORARILY,CLOSED_TEMPORARILY
ChIJETo3FP-GbIcR19OB3n1Di0I,Bright Horizons Montessori at the Marina,CLOSED_TEMPORARILY,CLOSED_TEMPORARILY,CLOSED_TEMPORARILY,CLOSED_TEMPORARILY,CLOSED_TEMPORARILY,CLOSED_TEMPORARILY,CLOSED_TEMPORARILY,CLOSED_TEMPORARILY,CLOSED_TEMPORARILY,CLOSED_TEMPORARILY,CLOSED_TEMPORARILY,CLOSED_TEMPORARILY,CLOSED_TEMPORARILY,CLOSED_TEMPORARILY,CLOSED_TEMPORARILY,CLOSED_TEMPORARILY,CLOSED_TEMPORARILY,CLOSED_TEMPORARILY,CLOSED_TEMPORARILY,CLOSED_TEMPORARILY,CLOSED_TEMPORARILY,CLOSED_TEMPORARILY,CLOSED_TEMPORARILY,CLOSED_TEMPORARILY
ChIJSx7VA3-AbIcRsCg9jYNsysM,Bright Horizons Montessori at Greenwood Plaza,OPERATIONAL,OPERATIONAL,OPERATIONAL,OPERATIONAL,OPERATIONAL,OPERATIONAL,OPERATIONAL,OPERATIONAL,OPERATIONAL,OPERATIONAL,OPERATIONAL,OPERATIONAL,OPERATIONAL,OPERATIONAL,OPERATIONAL,OPERATIONAL,OPERATIONAL,OPERATIONAL,OPERATIONAL,OPERATIONAL,OPERATIONAL,OPERATIONAL,OPERATIONAL,OPERATIONAL
ChIJW_A3kYeGbIcRyqWVHWJitws,Bright Horizons Montessori at Fiddler's Green,CLOSED_TEMPORARILY,CLOSED_TEMPORARILY,CLOSED_TEMPORARILY,CLOSED_TEMPORARILY,CLOSED_TEMPORARILY,CLOSED_TEMPORARILY,CLOSED_TEMPORARILY,CLOSED_TEMPORARILY,CLOSED_TEMPORARILY,CLOSED_TEMPORARILY,CLOSED_TEMPORARILY,CLOSED_TEMPORARILY,CLOSED_TEMPORARILY,CLOSED_TEMPORARILY,CLOSED_TEMPORARILY,CLOSED_TEMPORARILY,CLOSED_TEMPORARILY,CLOSED_TEMPORARILY,CLOSED_TEMPORARILY,CLOSED_TEMPORARILY,CLOSED_TEMPORARILY,CLOSED_TEMPORARILY,CLOSED_TEMPORARILY,CLOSED_TEMPORARILY
ChIJ81dqIFtjbIcRK0Sc9a0JtWA,Fitzsimons Early Learning Center,OPERATIONAL,OPERATIONAL,OPERATIONAL,OPERATIONAL,OPERATIONAL,OPERATIONAL,OPERATIONAL,OPERATIONAL,OPERATIONAL,OPERATIONAL,OPERATIONAL,OPERATIONAL,OPERATIONAL,OPERATIONAL,OPERATIONAL,OPERATIONAL,OPERATIONAL,OPERATIONAL,OPERATIONAL,OPERATIONAL,OPERATIONAL,OPERATIONAL,OPERATIONAL,OPERATIONAL
ChIJrYf4viG4t4kRbLNjGpbhYAk,Bright Horizons,OPERATIONAL,OPERATIONAL,OPERATIONAL,OPERATIONAL,OPERATIONAL,OPERATIONAL,OPERATIONAL,OPERATIONAL,OPERATIONAL,OPERATIONAL,OPERATIONAL,OPERATIONAL,OPERATIONAL,OPERATIONAL,OPERATIONAL,OPERATIONAL,OPERATIONAL,OPERATIONAL,OPERATIONAL,OPERATIONAL,OPERATIONAL,OPERATIONAL,OPERATIONAL,OPERATIONAL
ChIJ04GGfr23t4kR1HRbKQAa4F4,Bright Horizons At Metro Square,OPERATIONAL,OPERATIONAL,OPERATIONAL,OPERATIONAL,OPERATIONAL,OPERATIONAL,OPERATIONAL,OPERATIONAL,OPERATIONAL,OPERATIONAL,OPERATIONAL,OPERATIONAL,OPERATIONAL,OPERATIONAL,OPERATIONAL,OPERATIONAL,OPERATIONAL,OPERATIONAL,OPERATIONAL,OPERATIONAL,OPERATIONAL,OPERATIONAL,OPERATIONAL,OPERATIONAL
ChIJt4IBrJO3t4kReFVqLN6XgrI,Bright Horizons Early Education and Back-up Center at East,CLOSED_TEMPORARILY,CLOSED_TEMPORARILY,CLOSED_TEMPORARILY,CLOSED_TEMPORARILY,CLOSED_TEMPORARILY,CLOSED_TEMPORARILY,CLOSED_TEMPORARILY,CLOSED_TEMPORARILY,CLOSED_TEMPORARILY,CLOSED_TEMPORARILY,CLOSED_TEMPORARILY,CLOSED_TEMPORARILY,CLOSED_TEMPORARILY,CLOSED_TEMPORARILY,CLOSED_TEMPORARILY,CLOSED_TEMPORARILY,CLOSED_TEMPORARILY,CLOSED_TEMPORARILY,CLOSED_TEMPORARILY,CLOSED_TEMPORARILY,CLOSED_TEMPORARILY,CLOSED_TEMPORARILY,CLOSED_TEMPORARILY,OPERATIONAL
ChIJnSgMVSNItokREz2dna_gBwM,Bright Horizons At Reston Plaza America,CLOSED_TEMPORARILY,CLOSED_TEMPORARILY,CLOSED_TEMPORARILY,CLOSED_TEMPORARILY,CLOSED_TEMPORARILY,CLOSED_TEMPORARILY,CLOSED_TEMPORARILY,CLOSED_TEMPORARILY,CLOSED_TEMPORARILY,CLOSED_TEMPORARILY,CLOSED_TEMPORARILY,CLOSED_TEMPORARILY,CLOSED_TEMPORARILY,CLOSED_TEMPORARILY,CLOSED_TEMPORARILY,CLOSED_TEMPORARILY,CLOSED_TEMPORARILY,CLOSED_TEMPORARILY,CLOSED_TEMPORARILY,CLOSED_TEMPORARILY,CLOSED_TEMPORARILY,CLOSED_TEMPORARILY,CLOSED_TEMPORARILY,CLOSED_TEMPORARILY
ChIJ60exwT-c44kR7GHSBjm3q7M,Bright Horizons Family Solutions,OPERATIONAL,OPERATIONAL,OPERATIONAL,OPERATIONAL,OPERATIONAL,OPERATIONAL,OPERATIONAL,OPERATIONAL,OPERATIONAL,OPERATIONAL,OPERATIONAL,OPERATIONAL,OPERATIONAL,OPERATIONAL,OPERATIONAL,OPERATIONAL,OPERATIONAL,OPERATIONAL,OPERATIONAL,OPERATIONAL,OPERATIONAL,OPERATIONAL,OPERATIONAL,OPERATIONAL
ChIJeUH0a4Jw44kRPj8eCds9VKM,Bright Horizons,OPERATIONAL,OPERATIONAL,OPERATIONAL,OPERATIONAL,OPERATIONAL,OPERATIONAL,OPERATIONAL,OPERATIONAL,OPERATIONAL,OPERATIONAL,OPERATIONAL,OPERATIONAL,OPERATIONAL,OPERATIONAL,OPERATIONAL,OPERATIONAL,OPERATIONAL,OPERATIONAL,OPERATIONAL,OPERATIONAL,OPERATIONAL,OPERATIONAL,OPERATIONAL,OPERATIONAL
ChIJF2BJY5J544kRy_mZMZ1ZbVc,Bright Horizons,CLOSED_TEMPORARILY,CLOSED_TEMPORARILY,CLOSED_TEMPORARILY,CLOSED_TEMPORARILY,CLOSED_TEMPORARILY,CLOSED_TEMPORARILY,CLOSED_TEMPORARILY,CLOSED_TEMPORARILY,CLOSED_TEMPORARILY,CLOSED_TEMPORARILY,CLOSED_TEMPORARILY,CLOSED_TEMPORARILY,CLOSED_TEMPORARILY,CLOSED_TEMPORARILY,CLOSED_TEMPORARILY,CLOSED_TEMPORARILY,CLOSED_TEMPORARILY,CLOSED_TEMPORARILY,CLOSED_TEMPORARILY,CLOSED_TEMPORARILY,CLOSED_TEMPORARILY,CLOSED_TEMPORARILY,CLOSED_TEMPORARILY,CLOSED_TEMPORARILY
ChIJw5ciE7ZmZIgRop_wB8udpXM,HCA/Centennial Development,OPERATIONAL,OPERATIONAL,OPERATIONAL,OPERATIONAL,OPERATIONAL,OPERATIONAL,OPERATIONAL,OPERATIONAL,OPERATIONAL,OPERATIONAL,OPERATIONAL,OPERATIONAL,OPERATIONAL,OPERATIONAL,OPERATIONAL,OPERATIONAL,OPERATIONAL,OPERATIONAL,OPERATIONAL,OPERATIONAL,OPERATIONAL,OPERATIONAL,OPERATIONAL,OPERATIONAL
ChIJgQh_GHxEZIgReF4zeMNWaeY,Dollar General's Child Development Center,OPERATIONAL,OPERATIONAL,OPERATIONAL,OPERATIONAL,OPERATIONAL,OPERATIONAL,OPERATIONAL,OPERATIONAL,OPERATIONAL,OPERATIONAL,OPERATIONAL,OPERATIONAL,OPERATIONAL,OPERATIONAL,OPERATIONAL,OPERATIONAL,OPERATIONAL,OPERATIONAL,OPERATIONAL,OPERATIONAL,OPERATIONAL,OPERATIONAL,OPERATIONAL,OPERATIONAL
ChIJK01f1C8tO4gRDqx9MXR5K-A,Bright Horizons,OPERATIONAL,OPERATIONAL,OPERATIONAL,OPERATIONAL,OPERATIONAL,OPERATIONAL,OPERATIONAL,OPERATIONAL,OPERATIONAL,OPERATIONAL,OPERATIONAL,OPERATIONAL,OPERATIONAL,OPERATIONAL,OPERATIONAL,OPERATIONAL,OPERATIONAL,OPERATIONAL,OPERATIONAL,OPERATIONAL,OPERATIONAL,OPERATIONAL,OPERATIONAL,OPERATIONAL
ChIJl3s1cWnFyIAROg-qbZYw3Xw,Bright Horizons Daycare,OPERATIONAL,OPERATIONAL,OPERATIONAL,OPERATIONAL,OPERATIONAL,OPERATIONAL,OPERATIONAL,OPERATIONAL,OPERATIONAL,OPERATIONAL,OPERATIONAL,OPERATIONAL,OPERATIONAL,OPERATIONAL,OPERATIONAL,OPERATIONAL,OPERATIONAL,OPERATIONAL,OPERATIONAL,OPERATIONAL,OPERATIONAL,OPERATIONAL,OPERATIONAL,OPERATIONAL
ChIJd_UjpPnQyIAR9G5HjIP3S-4,Bright Horizons at Sunset Station,OPERATIONAL,OPERATIONAL,OPERATIONAL,OPERATIONAL,OPERATIONAL,OPERATIONAL,OPERATIONAL,OPERATIONAL,OPERATIONAL,OPERATIONAL,OPERATIONAL,OPERATIONAL,OPERATIONAL,OPERATIONAL,OPERATIONAL,OPERATIONAL,OPERATIONAL,OPERATIONAL,OPERATIONAL,OPERATIONAL,OPERATIONAL,OPERATIONAL,OPERATIONAL,OPERATIONAL
ChIJ6Q-uWilzaYgR1CLYogURkks,Bright Horizons,CLOSED_TEMPORARILY,CLOSED_TEMPORARILY,CLOSED_TEMPORARILY,CLOSED_TEMPORARILY,CLOSED_TEMPORARILY,CLOSED_TEMPORARILY,CLOSED_TEMPORARILY,CLOSED_TEMPORARILY,CLOSED_TEMPORARILY,CLOSED_TEMPORARILY,CLOSED_TEMPORARILY,CLOSED_TEMPORARILY,CLOSED_TEMPORARILY,CLOSED_TEMPORARILY,CLOSED_TEMPORARILY,CLOSED_TEMPORARILY,CLOSED_TEMPORARILY,CLOSED_TEMPORARILY,CLOSED_TEMPORARILY,CLOSED_TEMPORARILY,CLOSED_TEMPORARILY,CLOSED_TEMPORARILY,CLOSED_TEMPORARILY,CLOSED_TEMPORARILY
ChIJvXq9ZogMaYgRXddXnVk7NQ0,Bright Horizons,CLOSED_TEMPORARILY,CLOSED_TEMPORARILY,CLOSED_TEMPORARILY,CLOSED_TEMPORARILY,CLOSED_TEMPORARILY,CLOSED_TEMPORARILY,CLOSED_TEMPORARILY,CLOSED_TEMPORARILY,CLOSED_TEMPORARILY,CLOSED_TEMPORARILY,CLOSED_TEMPORARILY,CLOSED_TEMPORARILY,CLOSED_TEMPORARILY,CLOSED_TEMPORARILY,CLOSED_TEMPORARILY,CLOSED_TEMPORARILY,CLOSED_TEMPORARILY,CLOSED_TEMPORARILY,CLOSED_TEMPORARILY,CLOSED_TEMPORARILY,CLOSED_TEMPORARILY,CLOSED_TEMPORARILY,CLOSED_TEMPORARILY,CLOSED_TEMPORARILY
ChIJ9cyGjn0EyIkRbaCHlaLKN8o,Bright Horizons,OPERATIONAL,OPERATIONAL,OPERATIONAL,OPERATIONAL,OPERATIONAL,OPERATIONAL,OPERATIONAL,OPERATIONAL,OPERATIONAL,OPERATIONAL,OPERATIONAL,OPERATIONAL,OPERATIONAL,OPERATIONAL,OPERATIONAL,OPERATIONAL,OPERATIONAL,OPERATIONAL,OPERATIONAL,OPERATIONAL,OPERATIONAL,OPERATIONAL,OPERATIONAL,OPERATIONAL
ChIJk6fZ0kO09IgRmXA-Mj-u7aA,Bright Horizons,OPERATIONAL,OPERATIONAL,OPERATIONAL,OPERATIONAL,OPERATIONAL,OPERATIONAL,OPERATIONAL,OPERATIONAL,OPERATIONAL,OPERATIONAL,OPERATIONAL,OPERATIONAL,OPERATIONAL,OPERATIONAL,OPERATIONAL,OPERATIONAL,OPERATIONAL,OPERATIONAL,OPERATIONAL,OPERATIONAL,OPERATIONAL,OPERATIONAL,OPERATIONAL,OPERATIONAL
ChIJufs3VOr59IgR9AZ94dtfLqE,Bright Horizons,OPERATIONAL,OPERATIONAL,OPERATIONAL,OPERATIONAL,OPERATIONAL,OPERATIONAL,OPERATIONAL,OPERATIONAL,OPERATIONAL,OPERATIONAL,OPERATIONAL,OPERATIONAL,OPERATIONAL,OPERATIONAL,OPERATIONAL,OPERATIONAL,OPERATIONAL,OPERATIONAL,OPERATIONAL,OPERATIONAL,OPERATIONAL,OPERATIONAL,OPERATIONAL,OPERATIONAL
ChIJbcw181oE9YgR28N-atOtZkE,Bright Horizons,OPERATIONAL,OPERATIONAL,OPERATIONAL,OPERATIONAL,OPERATIONAL,OPERATIONAL,OPERATIONAL,OPERATIONAL,OPERATIONAL,OPERATIONAL,OPERATIONAL,OPERATIONAL,OPERATIONAL,OPERATIONAL,OPERATIONAL,OPERATIONAL,OPERATIONAL,OPERATIONAL,OPERATIONAL,OPERATIONAL,OPERATIONAL,OPERATIONAL,OPERATIONAL,OPERATIONAL
ChIJKes_a3FX9IgRnZMPwyqX2fY,Bright Horizons,CLOSED_TEMPORARILY,CLOSED_TEMPORARILY,CLOSED_TEMPORARILY,CLOSED_TEMPORARILY,CLOSED_TEMPORARILY,CLOSED_TEMPORARILY,CLOSED_TEMPORARILY,CLOSED_TEMPORARILY,CLOSED_TEMPORARILY,CLOSED_TEMPORARILY,CLOSED_TEMPORARILY,CLOSED_TEMPORARILY,CLOSED_TEMPORARILY,CLOSED_TEMPORARILY,CLOSED_TEMPORARILY,CLOSED_TEMPORARILY,CLOSED_TEMPORARILY,CLOSED_TEMPORARILY,CLOSED_TEMPORARILY,CLOSED_TEMPORARILY,CLOSED_TEMPORARILY,CLOSED_TEMPORARILY,CLOSED_TEMPORARILY,CLOSED_TEMPORARILY
ChIJX2Nqa3FX9IgRnPRA3cRVzhw,Bright Generations Henry County,OPERATIONAL,OPERATIONAL,OPERATIONAL,OPERATIONAL,OPERATIONAL,OPERATIONAL,OPERATIONAL,OPERATIONAL,OPERATIONAL,OPERATIONAL,OPERATIONAL,OPERATIONAL,OPERATIONAL,OPERATIONAL,OPERATIONAL,OPERATIONAL,OPERATIONAL,OPERATIONAL,OPERATIONAL,OPERATIONAL,OPERATIONAL,OPERATIONAL,OPERATIONAL,OPERATIONAL
ChIJleCwILnj9IgRYQHURbAgdhE,Jeannette Cathy Children's Center,OPERATIONAL,OPERATIONAL,OPERATIONAL,OPERATIONAL,OPERATIONAL,OPERATIONAL,OPERATIONAL,OPERATIONAL,OPERATIONAL,OPERATIONAL,OPERATIONAL,OPERATIONAL,OPERATIONAL,OPERATIONAL,OPERATIONAL,OPERATIONAL,OPERATIONAL,OPERATIONAL,OPERATIONAL,OPERATIONAL,OPERATIONAL,OPERATIONAL,OPERATIONAL,OPERATIONAL
ChIJNa-gOTEJ9YgRCRB4o8VanGc,New Generations Child Development Center,OPERATIONAL,OPERATIONAL,OPERATIONAL,OPERATIONAL,OPERATIONAL,OPERATIONAL,OPERATIONAL,OPERATIONAL,OPERATIONAL,OPERATIONAL,OPERATIONAL,OPERATIONAL,OPERATIONAL,OPERATIONAL,OPERATIONAL,OPERATIONAL,OPERATIONAL,OPERATIONAL,OPERATIONAL,OPERATIONAL,OPERATIONAL,OPERATIONAL,OPERATIONAL,OPERATIONAL
ChIJU71kCWUE9YgR2j0joB176s0,The Children's Center at All Saints',CLOSED_TEMPORARILY,CLOSED_TEMPORARILY,CLOSED_TEMPORARILY,CLOSED_TEMPORARILY,CLOSED_TEMPORARILY,CLOSED_TEMPORARILY,CLOSED_TEMPORARILY,CLOSED_TEMPORARILY,CLOSED_TEMPORARILY,CLOSED_TEMPORARILY,CLOSED_TEMPORARILY,CLOSED_TEMPORARILY,CLOSED_TEMPORARILY,CLOSED_TEMPORARILY,CLOSED_TEMPORARILY,CLOSED_TEMPORARILY,CLOSED_TEMPORARILY,CLOSED_TEMPORARILY,CLOSED_TEMPORARILY,CLOSED_TEMPORARILY,CLOSED_TEMPORARILY,CLOSED_TEMPORARILY,CLOSED_TEMPORARILY,OPERATIONAL
ChIJe2g0-1wE9YgR_laflZPi-A4,Children's Campus Alstoon & Bird LLC,OPERATIONAL,OPERATIONAL,OPERATIONAL,OPERATIONAL,OPERATIONAL,OPERATIONAL,OPERATIONAL,OPERATIONAL,OPERATIONAL,OPERATIONAL,OPERATIONAL,OPERATIONAL,OPERATIONAL,OPERATIONAL,OPERATIONAL,OPERATIONAL,OPERATIONAL,OPERATIONAL,OPERATIONAL,OPERATIONAL,OPERATIONAL,OPERATIONAL,OPERATIONAL,OPERATIONAL
ChIJYQT7_4MD9YgRxRdyd7Ywv3w,Children's Choice Learning Center at Atlanta Federal Center,OPERATIONAL,OPERATIONAL,OPERATIONAL,OPERATIONAL,OPERATIONAL,OPERATIONAL,OPERATIONAL,OPERATIONAL,OPERATIONAL,OPERATIONAL,OPERATIONAL,OPERATIONAL,OPERATIONAL,OPERATIONAL,OPERATIONAL,OPERATIONAL,OPERATIONAL,OPERATIONAL,OPERATIONAL,OPERATIONAL,OPERATIONAL,OPERATIONAL,OPERATIONAL,OPERATIONAL
ChIJJeT_U1U99YgRyvxaz0430R0,The Children's Nest Wellstar Cobb,OPERATIONAL,OPERATIONAL,OPERATIONAL,OPERATIONAL,OPERATIONAL,OPERATIONAL,OPERATIONAL,OPERATIONAL,OPERATIONAL,OPERATIONAL,OPERATIONAL,OPERATIONAL,OPERATIONAL,OPERATIONAL,OPERATIONAL,OPERATIONAL,OPERATIONAL,OPERATIONAL,OPERATIONAL,OPERATIONAL,OPERATIONAL,OPERATIONAL,OPERATIONAL,OPERATIONAL
ChIJHSg3cU0F9YgREaxz5_aPvOw,Bright Generations Downtown,CLOSED_TEMPORARILY,CLOSED_TEMPORARILY,CLOSED_TEMPORARILY,CLOSED_TEMPORARILY,CLOSED_TEMPORARILY,CLOSED_TEMPORARILY,CLOSED_TEMPORARILY,CLOSED_TEMPORARILY,CLOSED_TEMPORARILY,CLOSED_TEMPORARILY,CLOSED_TEMPORARILY,CLOSED_TEMPORARILY,CLOSED_TEMPORARILY,CLOSED_TEMPORARILY,CLOSED_TEMPORARILY,CLOSED_TEMPORARILY,CLOSED_TEMPORARILY,CLOSED_TEMPORARILY,CLOSED_TEMPORARILY,CLOSED_TEMPORARILY,CLOSED_TEMPORARILY,CLOSED_TEMPORARILY,CLOSED_TEMPORARILY,OPERATIONAL
ChIJ-9CrH7KPk4cRYoObp-41PU8,Bright Horizons,OPERATIONAL,OPERATIONAL,OPERATIONAL,OPERATIONAL,OPERATIONAL,OPERATIONAL,OPERATIONAL,OPERATIONAL,OPERATIONAL,OPERATIONAL,OPERATIONAL,OPERATIONAL,OPERATIONAL,OPERATIONAL,OPERATIONAL,OPERATIONAL,OPERATIONAL,OPERATIONAL,OPERATIONAL,OPERATIONAL,OPERATIONAL,OPERATIONAL,OPERATIONAL,OPERATIONAL
ChIJbYgMW7GPk4cRgkUR7sz2eU4,First National Child Development Center,OPERATIONAL,OPERATIONAL,OPERATIONAL,OPERATIONAL,OPERATIONAL,OPERATIONAL,OPERATIONAL,OPERATIONAL,OPERATIONAL,OPERATIONAL,OPERATIONAL,OPERATIONAL,OPERATIONAL,OPERATIONAL,OPERATIONAL,OPERATIONAL,OPERATIONAL,OPERATIONAL,OPERATIONAL,OPERATIONAL,OPERATIONAL,OPERATIONAL,OPERATIONAL,OPERATIONAL
ChIJn06yRALkrIkR69_JkSW1Qno,Bright Horizons,OPERATIONAL,OPERATIONAL,OPERATIONAL,OPERATIONAL,OPERATIONAL,OPERATIONAL,OPERATIONAL,OPERATIONAL,OPERATIONAL,OPERATIONAL,OPERATIONAL,OPERATIONAL,OPERATIONAL,OPERATIONAL,OPERATIONAL,OPERATIONAL,OPERATIONAL,OPERATIONAL,OPERATIONAL,OPERATIONAL,OPERATIONAL,OPERATIONAL,OPERATIONAL,OPERATIONAL
ChIJg-vnx6lZrIkRKs4d1YTDIFk,Bright Horizon Oak City Family Care Home,OPERATIONAL,OPERATIONAL,OPERATIONAL,OPERATIONAL,OPERATIONAL,OPERATIONAL,OPERATIONAL,OPERATIONAL,OPERATIONAL,OPERATIONAL,OPERATIONAL,OPERATIONAL,OPERATIONAL,OPERATIONAL,OPERATIONAL,OPERATIONAL,OPERATIONAL,OPERATIONAL,OPERATIONAL,OPERATIONAL,OPERATIONAL,OPERATIONAL,OPERATIONAL,OPERATIONAL
ChIJ0ea7a53trIkRYgQe9gIzDtA,Bright Horizons,OPERATIONAL,OPERATIONAL,OPERATIONAL,OPERATIONAL,OPERATIONAL,OPERATIONAL,OPERATIONAL,OPERATIONAL,OPERATIONAL,OPERATIONAL,OPERATIONAL,OPERATIONAL,OPERATIONAL,OPERATIONAL,OPERATIONAL,OPERATIONAL,OPERATIONAL,OPERATIONAL,OPERATIONAL,OPERATIONAL,OPERATIONAL,OPERATIONAL,OPERATIONAL,OPERATIONAL
ChIJ6dNpwMX3rIkRtS5_1x28gQc,Bright Horizon at Lake Boone,OPERATIONAL,OPERATIONAL,OPERATIONAL,OPERATIONAL,OPERATIONAL,OPERATIONAL,OPERATIONAL,OPERATIONAL,OPERATIONAL,OPERATIONAL,OPERATIONAL,OPERATIONAL,OPERATIONAL,OPERATIONAL,OPERATIONAL,OPERATIONAL,OPERATIONAL,OPERATIONAL,OPERATIONAL,OPERATIONAL,OPERATIONAL,OPERATIONAL,OPERATIONAL,OPERATIONAL
ChIJOXnA46L1rIkRUXe2ZJ3s8jA,North Carolina State University,OPERATIONAL,OPERATIONAL,OPERATIONAL,OPERATIONAL,OPERATIONAL,OPERATIONAL,OPERATIONAL,OPERATIONAL,OPERATIONAL,OPERATIONAL,OPERATIONAL,OPERATIONAL,OPERATIONAL,OPERATIONAL,OPERATIONAL,OPERATIONAL,OPERATIONAL,OPERATIONAL,OPERATIONAL,OPERATIONAL,OPERATIONAL,OPERATIONAL,OPERATIONAL,OPERATIONAL
ChIJfzLrAbLmrIkRjaMc7lUWH7I,Duke University,OPERATIONAL,OPERATIONAL,OPERATIONAL,OPERATIONAL,OPERATIONAL,OPERATIONAL,OPERATIONAL,OPERATIONAL,OPERATIONAL,OPERATIONAL,OPERATIONAL,OPERATIONAL,OPERATIONAL,OPERATIONAL,OPERATIONAL,OPERATIONAL,OPERATIONAL,OPERATIONAL,OPERATIONAL,OPERATIONAL,OPERATIONAL,OPERATIONAL,OPERATIONAL,OPERATIONAL
ChIJKY-dq5Pe3IARYG_0ff92gMw,Bright Horizons - Back-Up Care Center,OPERATIONAL,OPERATIONAL,OPERATIONAL,OPERATIONAL,OPERATIONAL,OPERATIONAL,OPERATIONAL,OPERATIONAL,OPERATIONAL,OPERATIONAL,OPERATIONAL,OPERATIONAL,OPERATIONAL,OPERATIONAL,OPERATIONAL,OPERATIONAL,OPERATIONAL,OPERATIONAL,OPERATIONAL,OPERATIONAL,OPERATIONAL,OPERATIONAL,OPERATIONAL,OPERATIONAL
ChIJzwpUCZyAhYAR5MtDTdCD-6Y,Bright Horizons,CLOSED_TEMPORARILY,CLOSED_TEMPORARILY,CLOSED_TEMPORARILY,CLOSED_TEMPORARILY,CLOSED_TEMPORARILY,CLOSED_TEMPORARILY,CLOSED_TEMPORARILY,CLOSED_TEMPORARILY,CLOSED_TEMPORARILY,CLOSED_TEMPORARILY,CLOSED_TEMPORARILY,CLOSED_TEMPORARILY,CLOSED_TEMPORARILY,CLOSED_TEMPORARILY,CLOSED_TEMPORARILY,CLOSED_TEMPORARILY,CLOSED_TEMPORARILY,CLOSED_TEMPORARILY,CLOSED_TEMPORARILY,CLOSED_TEMPORARILY,CLOSED_TEMPORARILY,CLOSED_TEMPORARILY,CLOSED_TEMPORARILY,CLOSED_TEMPORARILY
ChIJyW_wT2yQhYARY46It80fYEk,Bright Horizons,OPERATIONAL,OPERATIONAL,OPERATIONAL,OPERATIONAL,OPERATIONAL,OPERATIONAL,OPERATIONAL,OPERATIONAL,OPERATIONAL,OPERATIONAL,OPERATIONAL,OPERATIONAL,OPERATIONAL,OPERATIONAL,OPERATIONAL,OPERATIONAL,OPERATIONAL,OPERATIONAL,OPERATIONAL,OPERATIONAL,OPERATIONAL,OPERATIONAL,OPERATIONAL,OPERATIONAL
ChIJmQaMSYqAhYARIRtiDuMsuOQ,Bright Horizons,OPERATIONAL,OPERATIONAL,OPERATIONAL,OPERATIONAL,OPERATIONAL,OPERATIONAL,OPERATIONAL,OPERATIONAL,OPERATIONAL,OPERATIONAL,OPERATIONAL,OPERATIONAL,OPERATIONAL,OPERATIONAL,OPERATIONAL,OPERATIONAL,OPERATIONAL,OPERATIONAL,OPERATIONAL,OPERATIONAL,OPERATIONAL,OPERATIONAL,OPERATIONAL,OPERATIONAL
ChIJgR0d27iej4AR8-EgTKgYtzM,Bright Horizons at Gilead,CLOSED_TEMPORARILY,OPERATIONAL,OPERATIONAL,OPERATIONAL,OPERATIONAL,OPERATIONAL,OPERATIONAL,OPERATIONAL,OPERATIONAL,OPERATIONAL,OPERATIONAL,OPERATIONAL,OPERATIONAL,OPERATIONAL,OPERATIONAL,OPERATIONAL,OPERATIONAL,OPERATIONAL,OPERATIONAL,OPERATIONAL,OPERATIONAL,OPERATIONAL,OPERATIONAL,OPERATIONAL
ChIJAzWlHMeAhYAROqo5WgtXvw8,Bright Horizons,CLOSED_TEMPORARILY,CLOSED_TEMPORARILY,CLOSED_TEMPORARILY,CLOSED_TEMPORARILY,CLOSED_TEMPORARILY,CLOSED_TEMPORARILY,CLOSED_TEMPORARILY,CLOSED_TEMPORARILY,CLOSED_TEMPORARILY,CLOSED_TEMPORARILY,CLOSED_TEMPORARILY,CLOSED_TEMPORARILY,CLOSED_TEMPORARILY,CLOSED_TEMPORARILY,CLOSED_TEMPORARILY,CLOSED_TEMPORARILY,CLOSED_TEMPORARILY,CLOSED_TEMPORARILY,CLOSED_TEMPORARILY,CLOSED_TEMPORARILY,CLOSED_TEMPORARILY,CLOSED_TEMPORARILY,CLOSED_TEMPORARILY,CLOSED_TEMPORARILY
ChIJOyKKtPxKs1IRi8AzKUBkT0M,Bright Horizons,OPERATIONAL,OPERATIONAL,OPERATIONAL,OPERATIONAL,OPERATIONAL,OPERATIONAL,OPERATIONAL,OPERATIONAL,OPERATIONAL,OPERATIONAL,OPERATIONAL,OPERATIONAL,OPERATIONAL,OPERATIONAL,OPERATIONAL,OPERATIONAL,OPERATIONAL,OPERATIONAL,OPERATIONAL,OPERATIONAL,OPERATIONAL,OPERATIONAL,OPERATIONAL,OPERATIONAL
ChIJY0Int5Ays1IReTgV-B7OcaQ,Bright Horizons Minneapolis at Gaviidae,CLOSED_TEMPORARILY,CLOSED_TEMPORARILY,CLOSED_TEMPORARILY,CLOSED_TEMPORARILY,CLOSED_TEMPORARILY,CLOSED_TEMPORARILY,CLOSED_TEMPORARILY,CLOSED_TEMPORARILY,CLOSED_TEMPORARILY,CLOSED_TEMPORARILY,CLOSED_TEMPORARILY,CLOSED_TEMPORARILY,CLOSED_TEMPORARILY,CLOSED_TEMPORARILY,CLOSED_TEMPORARILY,CLOSED_TEMPORARILY,CLOSED_TEMPORARILY,CLOSED_TEMPORARILY,CLOSED_TEMPORARILY,CLOSED_TEMPORARILY,CLOSED_TEMPORARILY,CLOSED_TEMPORARILY,CLOSED_TEMPORARILY,CLOSED_TEMPORARILY
ChIJE_ROX8kvs1IRm6-sMb4dcDY,Bright Horizons,OPERATIONAL,OPERATIONAL,OPERATIONAL,OPERATIONAL,OPERATIONAL,OPERATIONAL,OPERATIONAL,OPERATIONAL,OPERATIONAL,OPERATIONAL,OPERATIONAL,OPERATIONAL,OPERATIONAL,OPERATIONAL,OPERATIONAL,OPERATIONAL,OPERATIONAL,OPERATIONAL,OPERATIONAL,OPERATIONAL,OPERATIONAL,OPERATIONAL,OPERATIONAL,OPERATIONAL
ChIJVV1xfvTX94cR097Uop9IBSc,Bright Horizons,OPERATIONAL,OPERATIONAL,OPERATIONAL,OPERATIONAL,OPERATIONAL,OPERATIONAL,OPERATIONAL,OPERATIONAL,OPERATIONAL,OPERATIONAL,OPERATIONAL,OPERATIONAL,OPERATIONAL,OPERATIONAL,OPERATIONAL,OPERATIONAL,OPERATIONAL,OPERATIONAL,OPERATIONAL,OPERATIONAL,OPERATIONAL,OPERATIONAL,OPERATIONAL,OPERATIONAL
ChIJfdNcQJYys1IR83VL_2xM7dY,Bright Horizons,CLOSED_TEMPORARILY,CLOSED_TEMPORARILY,CLOSED_TEMPORARILY,CLOSED_TEMPORARILY,CLOSED_TEMPORARILY,CLOSED_TEMPORARILY,CLOSED_TEMPORARILY,CLOSED_TEMPORARILY,CLOSED_TEMPORARILY,CLOSED_TEMPORARILY,CLOSED_TEMPORARILY,CLOSED_TEMPORARILY,CLOSED_TEMPORARILY,CLOSED_TEMPORARILY,CLOSED_TEMPORARILY,CLOSED_TEMPORARILY,CLOSED_TEMPORARILY,CLOSED_TEMPORARILY,CLOSED_TEMPORARILY,CLOSED_TEMPORARILY,CLOSED_TEMPORARILY,CLOSED_TEMPORARILY,CLOSED_TEMPORARILY,CLOSED_TEMPORARILY
ChIJQyLLlZY0s1IR7Pn66iqVI04,Bright Beginnings,OPERATIONAL,OPERATIONAL,OPERATIONAL,OPERATIONAL,OPERATIONAL,OPERATIONAL,OPERATIONAL,OPERATIONAL,OPERATIONAL,OPERATIONAL,OPERATIONAL,OPERATIONAL,OPERATIONAL,OPERATIONAL,OPERATIONAL,OPERATIONAL,OPERATIONAL,OPERATIONAL,OPERATIONAL,OPERATIONAL,OPERATIONAL,OPERATIONAL,OPERATIONAL,OPERATIONAL
ChIJeyHsYoW3wogRO27KwlVur9o,Bright Horizons,OPERATIONAL,OPERATIONAL,OPERATIONAL,OPERATIONAL,OPERATIONAL,OPERATIONAL,OPERATIONAL,OPERATIONAL,OPERATIONAL,OPERATIONAL,OPERATIONAL,OPERATIONAL,OPERATIONAL,OPERATIONAL,OPERATIONAL,OPERATIONAL,OPERATIONAL,OPERATIONAL,OPERATIONAL,OPERATIONAL,OPERATIONAL,OPERATIONAL,OPERATIONAL,OPERATIONAL
ChIJYVH5VsPOwogRECqYmivQFO0,Bright Horizons,CLOSED_TEMPORARILY,CLOSED_TEMPORARILY,CLOSED_TEMPORARILY,CLOSED_TEMPORARILY,CLOSED_TEMPORARILY,CLOSED_TEMPORARILY,CLOSED_TEMPORARILY,CLOSED_TEMPORARILY,CLOSED_TEMPORARILY,CLOSED_TEMPORARILY,CLOSED_TEMPORARILY,CLOSED_TEMPORARILY,CLOSED_TEMPORARILY,CLOSED_TEMPORARILY,CLOSED_TEMPORARILY,CLOSED_TEMPORARILY,CLOSED_TEMPORARILY,CLOSED_TEMPORARILY,CLOSED_TEMPORARILY,CLOSED_TEMPORARILY,CLOSED_TEMPORARILY,CLOSED_TEMPORARILY,CLOSED_TEMPORARILY,CLOSED_TEMPORARILY
ChIJ49YUqcTOwogR9lvD_0oUmFI,Citi Family Center,OPERATIONAL,OPERATIONAL,OPERATIONAL,OPERATIONAL,OPERATIONAL,OPERATIONAL,OPERATIONAL,OPERATIONAL,OPERATIONAL,OPERATIONAL,OPERATIONAL,OPERATIONAL,OPERATIONAL,OPERATIONAL,OPERATIONAL,OPERATIONAL,OPERATIONAL,OPERATIONAL,OPERATIONAL,OPERATIONAL,OPERATIONAL,OPERATIONAL,OPERATIONAL,OPERATIONAL
ChIJu-ztqJjHwogRXlcWXaQPHmw,USF Family Center,CLOSED_TEMPORARILY,CLOSED_TEMPORARILY,CLOSED_TEMPORARILY,CLOSED_TEMPORARILY,CLOSED_TEMPORARILY,CLOSED_TEMPORARILY,CLOSED_TEMPORARILY,CLOSED_TEMPORARILY,CLOSED_TEMPORARILY,CLOSED_TEMPORARILY,CLOSED_TEMPORARILY,CLOSED_TEMPORARILY,CLOSED_TEMPORARILY,CLOSED_TEMPORARILY,CLOSED_TEMPORARILY,CLOSED_TEMPORARILY,CLOSED_TEMPORARILY,CLOSED_TEMPORARILY,CLOSED_TEMPORARILY,CLOSED_TEMPORARILY,OPERATIONAL,OPERATIONAL,OPERATIONAL,OPERATIONAL
ChIJTR-bbbvHwogRnYOzCrKCt88,Moffitt Child Development Center,OPERATIONAL,OPERATIONAL,OPERATIONAL,OPERATIONAL,OPERATIONAL,OPERATIONAL,OPERATIONAL,OPERATIONAL,OPERATIONAL,OPERATIONAL,OPERATIONAL,OPERATIONAL,OPERATIONAL,OPERATIONAL,OPERATIONAL,OPERATIONAL,OPERATIONAL,OPERATIONAL,OPERATIONAL,OPERATIONAL,OPERATIONAL,OPERATIONAL,OPERATIONAL,OPERATIONAL
ChIJRTUCOlqxQYgRP1DfUeT_qME,Bright Horizons,OPERATIONAL,OPERATIONAL,OPERATIONAL,OPERATIONAL,OPERATIONAL,OPERATIONAL,OPERATIONAL,OPERATIONAL,OPERATIONAL,OPERATIONAL,OPERATIONAL,OPERATIONAL,OPERATIONAL,OPERATIONAL,OPERATIONAL,OPERATIONAL,OPERATIONAL,OPERATIONAL,OPERATIONAL,OPERATIONAL,OPERATIONAL,OPERATIONAL,OPERATIONAL,OPERATIONAL
ChIJ1WonbB3L2IcR8fUiyjnvaEM,Bright Horizons,CLOSED_TEMPORARILY,CLOSED_TEMPORARILY,CLOSED_TEMPORARILY,CLOSED_TEMPORARILY,CLOSED_TEMPORARILY,CLOSED_TEMPORARILY,CLOSED_TEMPORARILY,CLOSED_TEMPORARILY,CLOSED_TEMPORARILY,CLOSED_TEMPORARILY,CLOSED_TEMPORARILY,CLOSED_TEMPORARILY,CLOSED_TEMPORARILY,CLOSED_TEMPORARILY,CLOSED_TEMPORARILY,CLOSED_TEMPORARILY,CLOSED_TEMPORARILY,CLOSED_TEMPORARILY,CLOSED_TEMPORARILY,CLOSED_TEMPORARILY,CLOSED_TEMPORARILY,CLOSED_TEMPORARILY,CLOSED_TEMPORARILY,CLOSED_TEMPORARILY
ChIJzw-cD0a12IcRaXY8GIGU-pQ,Washington University in St. Louis,OPERATIONAL,OPERATIONAL,OPERATIONAL,OPERATIONAL,OPERATIONAL,OPERATIONAL,OPERATIONAL,OPERATIONAL,OPERATIONAL,OPERATIONAL,OPERATIONAL,OPERATIONAL,OPERATIONAL,OPERATIONAL,OPERATIONAL,OPERATIONAL,OPERATIONAL,OPERATIONAL,OPERATIONAL,OPERATIONAL,OPERATIONAL,OPERATIONAL,OPERATIONAL,OPERATIONAL
ChIJwdJjqAWINIgRH7FPQfe4Y-o,Bright Horizons,OPERATIONAL,OPERATIONAL,OPERATIONAL,OPERATIONAL,OPERATIONAL,OPERATIONAL,OPERATIONAL,OPERATIONAL,OPERATIONAL,OPERATIONAL,OPERATIONAL,OPERATIONAL,OPERATIONAL,OPERATIONAL,OPERATIONAL,OPERATIONAL,OPERATIONAL,OPERATIONAL,OPERATIONAL,CLOSED_TEMPORARILY,CLOSED_TEMPORARILY,OPERATIONAL,OPERATIONAL,OPERATIONAL
ChIJD--xyzDyNIgRw3SkN1ayrTo,Bright Horizons,OPERATIONAL,OPERATIONAL,OPERATIONAL,OPERATIONAL,OPERATIONAL,OPERATIONAL,OPERATIONAL,OPERATIONAL,OPERATIONAL,OPERATIONAL,OPERATIONAL,OPERATIONAL,OPERATIONAL,OPERATIONAL,OPERATIONAL,OPERATIONAL,OPERATIONAL,OPERATIONAL,OPERATIONAL,OPERATIONAL,OPERATIONAL,OPERATIONAL,OPERATIONAL,OPERATIONAL
ChIJa02OgVU7TIYRwAlqcIMegPE,Children's Center at Pizza Hut,OPERATIONAL,OPERATIONAL,OPERATIONAL,OPERATIONAL,OPERATIONAL,OPERATIONAL,OPERATIONAL,OPERATIONAL,OPERATIONAL,OPERATIONAL,OPERATIONAL,OPERATIONAL,OPERATIONAL,OPERATIONAL,OPERATIONAL,OPERATIONAL,OPERATIONAL,OPERATIONAL,OPERATIONAL,OPERATIONAL,OPERATIONAL,OPERATIONAL,OPERATIONAL,OPERATIONAL
ChIJc3tFEQymw4kReawgeOafj0U,Bright Horizons Family Solutions,OPERATIONAL,OPERATIONAL,OPERATIONAL,OPERATIONAL,OPERATIONAL,OPERATIONAL,OPERATIONAL,OPERATIONAL,OPERATIONAL,OPERATIONAL,OPERATIONAL,OPERATIONAL,OPERATIONAL,OPERATIONAL,OPERATIONAL,OPERATIONAL,OPERATIONAL,OPERATIONAL,OPERATIONAL,OPERATIONAL,OPERATIONAL,OPERATIONAL,OPERATIONAL,OPERATIONAL
ChIJ0TR58MPnFYgRKz5-FM499ik,Bright Horizons,OPERATIONAL,OPERATIONAL,OPERATIONAL,OPERATIONAL,OPERATIONAL,OPERATIONAL,OPERATIONAL,OPERATIONAL,OPERATIONAL,OPERATIONAL,OPERATIONAL,OPERATIONAL,OPERATIONAL,OPERATIONAL,OPERATIONAL,OPERATIONAL,OPERATIONAL,OPERATIONAL,OPERATIONAL,OPERATIONAL,OPERATIONAL,OPERATIONAL,OPERATIONAL,OPERATIONAL
ChIJ0TR58MPnFYgR9x6vyLlFkEU,Lutheran Hospital Child Development Center,OPERATIONAL,OPERATIONAL,OPERATIONAL,OPERATIONAL,OPERATIONAL,OPERATIONAL,OPERATIONAL,OPERATIONAL,OPERATIONAL,OPERATIONAL,OPERATIONAL,OPERATIONAL,OPERATIONAL,OPERATIONAL,OPERATIONAL,OPERATIONAL,OPERATIONAL,OPERATIONAL,OPERATIONAL,OPERATIONAL,OPERATIONAL,OPERATIONAL,OPERATIONAL,OPERATIONAL
ChIJS-CVg-gOsYkRn1nniyLJbDA,Bright Horizons,OPERATIONAL,OPERATIONAL,OPERATIONAL,OPERATIONAL,OPERATIONAL,OPERATIONAL,OPERATIONAL,OPERATIONAL,OPERATIONAL,OPERATIONAL,OPERATIONAL,OPERATIONAL,OPERATIONAL,OPERATIONAL,OPERATIONAL,OPERATIONAL,OPERATIONAL,OPERATIONAL,OPERATIONAL,OPERATIONAL,OPERATIONAL,OPERATIONAL,OPERATIONAL,OPERATIONAL
ChIJ23WLdXVrsYkRQdLIFNVcAi4,Pump Road KinderCare,OPERATIONAL,OPERATIONAL,OPERATIONAL,OPERATIONAL,OPERATIONAL,OPERATIONAL,OPERATIONAL,OPERATIONAL,OPERATIONAL,OPERATIONAL,OPERATIONAL,OPERATIONAL,OPERATIONAL,OPERATIONAL,OPERATIONAL,OPERATIONAL,OPERATIONAL,OPERATIONAL,OPERATIONAL,OPERATIONAL,OPERATIONAL,OPERATIONAL,OPERATIONAL,OPERATIONAL
ChIJLx957dK_woARrwcQ21-8hEU,Bright Horizons,OPERATIONAL,OPERATIONAL,OPERATIONAL,OPERATIONAL,OPERATIONAL,OPERATIONAL,OPERATIONAL,OPERATIONAL,OPERATIONAL,OPERATIONAL,OPERATIONAL,OPERATIONAL,OPERATIONAL,OPERATIONAL,OPERATIONAL,OPERATIONAL,OPERATIONAL,OPERATIONAL,OPERATIONAL,OPERATIONAL,OPERATIONAL,OPERATIONAL,OPERATIONAL,OPERATIONAL
ChIJOygu8nn2woAR2xIeE6lrKfQ,Bright Horizons Preschool,OPERATIONAL,OPERATIONAL,OPERATIONAL,OPERATIONAL,OPERATIONAL,OPERATIONAL,OPERATIONAL,OPERATIONAL,OPERATIONAL,OPERATIONAL,OPERATIONAL,OPERATIONAL,OPERATIONAL,OPERATIONAL,OPERATIONAL,OPERATIONAL,OPERATIONAL,OPERATIONAL,OPERATIONAL,OPERATIONAL,OPERATIONAL,OPERATIONAL,OPERATIONAL,OPERATIONAL
ChIJTaU4CFv1UocRbi9h_lGhCc4,Bright Horizons at Recursion,OPERATIONAL,OPERATIONAL,OPERATIONAL,OPERATIONAL,OPERATIONAL,OPERATIONAL,OPERATIONAL,OPERATIONAL,OPERATIONAL,OPERATIONAL,OPERATIONAL,OPERATIONAL,OPERATIONAL,OPERATIONAL,OPERATIONAL,OPERATIONAL,OPERATIONAL,OPERATIONAL,OPERATIONAL,OPERATIONAL,OPERATIONAL,OPERATIONAL,OPERATIONAL,OPERATIONAL
ChIJFavEeQSJUocRlCMntkNOqCk,Overstock Day Care Center,OPERATIONAL,OPERATIONAL,OPERATIONAL,OPERATIONAL,OPERATIONAL,OPERATIONAL,OPERATIONAL,OPERATIONAL,OPERATIONAL,OPERATIONAL,OPERATIONAL,OPERATIONAL,OPERATIONAL,OPERATIONAL,OPERATIONAL,OPERATIONAL,OPERATIONAL,OPERATIONAL,OPERATIONAL,OPERATIONAL,OPERATIONAL,OPERATIONAL,OPERATIONAL,OPERATIONAL
ChIJG_NN6OpfUocRbgk63tD8lN0,The University of Utah,OPERATIONAL,OPERATIONAL,OPERATIONAL,OPERATIONAL,OPERATIONAL,OPERATIONAL,OPERATIONAL,OPERATIONAL,OPERATIONAL,OPERATIONAL,OPERATIONAL,OPERATIONAL,OPERATIONAL,OPERATIONAL,OPERATIONAL,OPERATIONAL,OPERATIONAL,OPERATIONAL,OPERATIONAL,OPERATIONAL,OPERATIONAL,OPERATIONAL,OPERATIONAL,OPERATIONAL
ChIJGU1aVkrzUocRaAVCXURkKjw,New Horizons Computer Learning Center,OPERATIONAL,OPERATIONAL,OPERATIONAL,OPERATIONAL,OPERATIONAL,OPERATIONAL,OPERATIONAL,OPERATIONAL,OPERATIONAL,OPERATIONAL,OPERATIONAL,OPERATIONAL,OPERATIONAL,OPERATIONAL,OPERATIONAL,OPERATIONAL,OPERATIONAL,OPERATIONAL,OPERATIONAL,OPERATIONAL,OPERATIONAL,OPERATIONAL,OPERATIONAL,OPERATIONAL
ChIJIRKFIq7NjIgRR2dZcytqdqE,Bright Horizons,OPERATIONAL,OPERATIONAL,OPERATIONAL,OPERATIONAL,OPERATIONAL,OPERATIONAL,OPERATIONAL,OPERATIONAL,OPERATIONAL,OPERATIONAL,OPERATIONAL,OPERATIONAL,OPERATIONAL,OPERATIONAL,OPERATIONAL,OPERATIONAL,OPERATIONAL,OPERATIONAL,OPERATIONAL,OPERATIONAL,OPERATIONAL,OPERATIONAL,OPERATIONAL,OPERATIONAL
ChIJX408EYII5IkRBAesTsQcBso,Bright Horizons,OPERATIONAL,OPERATIONAL,OPERATIONAL,OPERATIONAL,OPERATIONAL,OPERATIONAL,OPERATIONAL,OPERATIONAL,OPERATIONAL,OPERATIONAL,OPERATIONAL,OPERATIONAL,OPERATIONAL,OPERATIONAL,OPERATIONAL,OPERATIONAL,OPERATIONAL,OPERATIONAL,OPERATIONAL,OPERATIONAL,OPERATIONAL,OPERATIONAL,OPERATIONAL,OPERATIONAL
ChIJzU-E7KeM44kRyeiZBKJZ5Fg,Bright Horizons At Boston Scientific,OPERATIONAL,OPERATIONAL,OPERATIONAL,OPERATIONAL,OPERATIONAL,OPERATIONAL,OPERATIONAL,OPERATIONAL,OPERATIONAL,OPERATIONAL,OPERATIONAL,OPERATIONAL,OPERATIONAL,OPERATIONAL,OPERATIONAL,OPERATIONAL,OPERATIONAL,OPERATIONAL,OPERATIONAL,OPERATIONAL,OPERATIONAL,OPERATIONAL,OPERATIONAL,OPERATIONAL
ChIJl0K4F4II5IkRAXuJ31TB3qQ,University Campus Child Care Center,OPERATIONAL,OPERATIONAL,OPERATIONAL,OPERATIONAL,OPERATIONAL,OPERATIONAL,OPERATIONAL,OPERATIONAL,OPERATIONAL,OPERATIONAL,OPERATIONAL,OPERATIONAL,OPERATIONAL,OPERATIONAL,OPERATIONAL,OPERATIONAL,OPERATIONAL,OPERATIONAL,OPERATIONAL,OPERATIONAL,OPERATIONAL,OPERATIONAL,OPERATIONAL,OPERATIONAL
ChIJ7w80mgFGtokR5xhfOsGTWU4,Bright Horizons at Inova Fair Oaks,CLOSED_TEMPORARILY,CLOSED_TEMPORARILY,CLOSED_TEMPORARILY,CLOSED_TEMPORARILY,CLOSED_TEMPORARILY,CLOSED_TEMPORARILY,CLOSED_TEMPORARILY,CLOSED_TEMPORARILY,CLOSED_TEMPORARILY,CLOSED_TEMPORARILY,CLOSED_TEMPORARILY,CLOSED_TEMPORARILY,CLOSED_TEMPORARILY,CLOSED_TEMPORARILY,CLOSED_TEMPORARILY,CLOSED_TEMPORARILY,CLOSED_TEMPORARILY,CLOSED_TEMPORARILY,CLOSED_TEMPORARILY,CLOSED_TEMPORARILY,CLOSED_TEMPORARILY,OPERATIONAL,OPERATIONAL,OPERATIONAL
ChIJO1aU6zrJj4ARmdA8FHTFxwU,Cisco Family Connection,OPERATIONAL,OPERATIONAL,OPERATIONAL,OPERATIONAL,OPERATIONAL,OPERATIONAL,OPERATIONAL,OPERATIONAL,OPERATIONAL,OPERATIONAL,OPERATIONAL,OPERATIONAL,OPERATIONAL,OPERATIONAL,OPERATIONAL,OPERATIONAL,OPERATIONAL,OPERATIONAL,OPERATIONAL,OPERATIONAL,OPERATIONAL,OPERATIONAL,OPERATIONAL,OPERATIONAL
ChIJryyN4O26j4ARpahZEBeYpUQ,Bright Horizons at Palo Alto,OPERATIONAL,OPERATIONAL,OPERATIONAL,OPERATIONAL,OPERATIONAL,OPERATIONAL,OPERATIONAL,OPERATIONAL,OPERATIONAL,OPERATIONAL,OPERATIONAL,OPERATIONAL,OPERATIONAL,OPERATIONAL,OPERATIONAL,OPERATIONAL,OPERATIONAL,OPERATIONAL,OPERATIONAL,OPERATIONAL,OPERATIONAL,OPERATIONAL,OPERATIONAL,OPERATIONAL
ChIJaS8Gee91-4gRTDtNGsvmGMk,Bright Horizons Little One Learning Center,OPERATIONAL,OPERATIONAL,OPERATIONAL,OPERATIONAL,OPERATIONAL,OPERATIONAL,OPERATIONAL,OPERATIONAL,OPERATIONAL,OPERATIONAL,OPERATIONAL,OPERATIONAL,OPERATIONAL,OPERATIONAL,OPERATIONAL,OPERATIONAL,OPERATIONAL,OPERATIONAL,OPERATIONAL,OPERATIONAL,OPERATIONAL,OPERATIONAL,OPERATIONAL,OPERATIONAL
ChIJT1143pse6IkRPlvGNIjgWTM,Bright Horizons,OPERATIONAL,OPERATIONAL,OPERATIONAL,OPERATIONAL,OPERATIONAL,OPERATIONAL,OPERATIONAL,OPERATIONAL,OPERATIONAL,OPERATIONAL,OPERATIONAL,OPERATIONAL,OPERATIONAL,OPERATIONAL,OPERATIONAL,OPERATIONAL,OPERATIONAL,OPERATIONAL,OPERATIONAL,OPERATIONAL,OPERATIONAL,OPERATIONAL,OPERATIONAL,OPERATIONAL
ChIJVeBuMOh16IkRZMAn2bVlUYU,Bright Horizons at Orange,CLOSED_TEMPORARILY,CLOSED_TEMPORARILY,CLOSED_TEMPORARILY,CLOSED_TEMPORARILY,CLOSED_TEMPORARILY,CLOSED_TEMPORARILY,CLOSED_TEMPORARILY,CLOSED_TEMPORARILY,CLOSED_TEMPORARILY,CLOSED_TEMPORARILY,CLOSED_TEMPORARILY,CLOSED_TEMPORARILY,CLOSED_TEMPORARILY,CLOSED_TEMPORARILY,CLOSED_TEMPORARILY,CLOSED_TEMPORARILY,CLOSED_TEMPORARILY,CLOSED_TEMPORARILY,CLOSED_TEMPORARILY,CLOSED_TEMPORARILY,CLOSED_TEMPORARILY,CLOSED_TEMPORARILY,CLOSED_TEMPORARILY,CLOSED_TEMPORARILY
ChIJbSoh35XpJIgRLRlM3fw3z_8,Children's Choice Learning Center at Crittenton,OPERATIONAL,OPERATIONAL,OPERATIONAL,OPERATIONAL,OPERATIONAL,OPERATIONAL,OPERATIONAL,OPERATIONAL,OPERATIONAL,OPERATIONAL,OPERATIONAL,OPERATIONAL,OPERATIONAL,OPERATIONAL,OPERATIONAL,OPERATIONAL,OPERATIONAL,OPERATIONAL,OPERATIONAL,OPERATIONAL,OPERATIONAL,OPERATIONAL,OPERATIONAL,OPERATIONAL
ChIJn_7Hcg6-JIgR37Ridsawubg,Little Oaks Child Development Center,OPERATIONAL,OPERATIONAL,OPERATIONAL,OPERATIONAL,OPERATIONAL,OPERATIONAL,OPERATIONAL,OPERATIONAL,OPERATIONAL,OPERATIONAL,OPERATIONAL,OPERATIONAL,OPERATIONAL,OPERATIONAL,OPERATIONAL,OPERATIONAL,OPERATIONAL,OPERATIONAL,OPERATIONAL,OPERATIONAL,OPERATIONAL,OPERATIONAL,OPERATIONAL,OPERATIONAL
ChIJ3fhAoKCahYARR0YVdcW4cuk,Bright Horizons EDS Park School,CLOSED_TEMPORARILY,CLOSED_TEMPORARILY,CLOSED_TEMPORARILY,CLOSED_TEMPORARILY,CLOSED_TEMPORARILY,CLOSED_TEMPORARILY,CLOSED_TEMPORARILY,CLOSED_TEMPORARILY,CLOSED_TEMPORARILY,CLOSED_TEMPORARILY,CLOSED_TEMPORARILY,CLOSED_TEMPORARILY,CLOSED_TEMPORARILY,CLOSED_TEMPORARILY,CLOSED_TEMPORARILY,CLOSED_TEMPORARILY,CLOSED_TEMPORARILY,CLOSED_TEMPORARILY,CLOSED_TEMPORARILY,CLOSED_TEMPORARILY,CLOSED_TEMPORARILY,CLOSED_TEMPORARILY,CLOSED_TEMPORARILY,CLOSED_TEMPORARILY
ChIJncK2VCqHhYAR7JiPLgyTF9A,Letterman Digital Arts Child Care Center,OPERATIONAL,OPERATIONAL,OPERATIONAL,OPERATIONAL,OPERATIONAL,OPERATIONAL,OPERATIONAL,OPERATIONAL,OPERATIONAL,OPERATIONAL,OPERATIONAL,OPERATIONAL,OPERATIONAL,OPERATIONAL,OPERATIONAL,OPERATIONAL,OPERATIONAL,OPERATIONAL,OPERATIONAL,OPERATIONAL,OPERATIONAL,OPERATIONAL,OPERATIONAL,OPERATIONAL
ChIJt0PXD0gU9YgRFHjWFLHOyWQ,The Learning Academy at Wellstar,OPERATIONAL,OPERATIONAL,OPERATIONAL,OPERATIONAL,OPERATIONAL,OPERATIONAL,OPERATIONAL,OPERATIONAL,OPERATIONAL,OPERATIONAL,OPERATIONAL,OPERATIONAL,OPERATIONAL,OPERATIONAL,OPERATIONAL,OPERATIONAL,OPERATIONAL,OPERATIONAL,OPERATIONAL,OPERATIONAL,OPERATIONAL,OPERATIONAL,OPERATIONAL,OPERATIONAL
ChIJAcLk_4MD9YgRgMX8MymIYs8,Atlanta Federal Center Child,OPERATIONAL,OPERATIONAL,OPERATIONAL,OPERATIONAL,OPERATIONAL,OPERATIONAL,OPERATIONAL,OPERATIONAL,OPERATIONAL,OPERATIONAL,OPERATIONAL,OPERATIONAL,OPERATIONAL,OPERATIONAL,OPERATIONAL,OPERATIONAL,OPERATIONAL,OPERATIONAL,OPERATIONAL,OPERATIONAL,OPERATIONAL,OPERATIONAL,OPERATIONAL,OPERATIONAL
ChIJDQlFCVsE9YgRx0g61HynRW8,The Treehouse Children's Center,OPERATIONAL,OPERATIONAL,OPERATIONAL,OPERATIONAL,OPERATIONAL,OPERATIONAL,OPERATIONAL,OPERATIONAL,OPERATIONAL,OPERATIONAL,OPERATIONAL,OPERATIONAL,OPERATIONAL,OPERATIONAL,OPERATIONAL,OPERATIONAL,OPERATIONAL,OPERATIONAL,OPERATIONAL,OPERATIONAL,OPERATIONAL,OPERATIONAL,OPERATIONAL,OPERATIONAL
ChIJs1sxMYgQ9YgRwIgmR2cVXDA,Little Apron Academy,OPERATIONAL,OPERATIONAL,OPERATIONAL,OPERATIONAL,OPERATIONAL,OPERATIONAL,OPERATIONAL,OPERATIONAL,OPERATIONAL,OPERATIONAL,OPERATIONAL,OPERATIONAL,OPERATIONAL,OPERATIONAL,OPERATIONAL,OPERATIONAL,OPERATIONAL,OPERATIONAL,OPERATIONAL,OPERATIONAL,OPERATIONAL,OPERATIONAL,OPERATIONAL,OPERATIONAL
ChIJneVpr__Lj4ARJ0Sy2nMPC18,Bright Horizons on Stevens Creek,CLOSED_TEMPORARILY,CLOSED_TEMPORARILY,CLOSED_TEMPORARILY,CLOSED_TEMPORARILY,CLOSED_TEMPORARILY,CLOSED_TEMPORARILY,CLOSED_TEMPORARILY,CLOSED_TEMPORARILY,CLOSED_TEMPORARILY,CLOSED_TEMPORARILY,CLOSED_TEMPORARILY,CLOSED_TEMPORARILY,CLOSED_TEMPORARILY,CLOSED_TEMPORARILY,CLOSED_TEMPORARILY,CLOSED_TEMPORARILY,CLOSED_TEMPORARILY,OPERATIONAL,OPERATIONAL,OPERATIONAL,OPERATIONAL,OPERATIONAL,OPERATIONAL,OPERATIONAL
ChIJ-_PXZKlQwokRfehTjsu1v_U,Bright Horizons At Exchange Pl/Hyatt,OPERATIONAL,OPERATIONAL,OPERATIONAL,OPERATIONAL,OPERATIONAL,OPERATIONAL,OPERATIONAL,OPERATIONAL,OPERATIONAL,OPERATIONAL,OPERATIONAL,OPERATIONAL,OPERATIONAL,OPERATIONAL,OPERATIONAL,OPERATIONAL,OPERATIONAL,OPERATIONAL,OPERATIONAL,OPERATIONAL,OPERATIONAL,OPERATIONAL,OPERATIONAL,OPERATIONAL
ChIJ2WrktLssDogRUvYQJ2mP6Xs,Bright Horizons,CLOSED_TEMPORARILY,CLOSED_TEMPORARILY,CLOSED_TEMPORARILY,CLOSED_TEMPORARILY,CLOSED_TEMPORARILY,CLOSED_TEMPORARILY,CLOSED_TEMPORARILY,CLOSED_TEMPORARILY,CLOSED_TEMPORARILY,CLOSED_TEMPORARILY,CLOSED_TEMPORARILY,CLOSED_TEMPORARILY,CLOSED_TEMPORARILY,CLOSED_TEMPORARILY,CLOSED_TEMPORARILY,CLOSED_TEMPORARILY,CLOSED_TEMPORARILY,CLOSED_TEMPORARILY,CLOSED_TEMPORARILY,CLOSED_TEMPORARILY,CLOSED_TEMPORARILY,CLOSED_TEMPORARILY,CLOSED_TEMPORARILY,CLOSED_TEMPORARILY
ChIJ76yUNMcsDogRtO9Q_PBuS7Q,Bright Horizons Chicago West,OPERATIONAL,OPERATIONAL,OPERATIONAL,OPERATIONAL,OPERATIONAL,OPERATIONAL,OPERATIONAL,OPERATIONAL,OPERATIONAL,OPERATIONAL,OPERATIONAL,OPERATIONAL,OPERATIONAL,OPERATIONAL,OPERATIONAL,OPERATIONAL,OPERATIONAL,OPERATIONAL,OPERATIONAL,OPERATIONAL,OPERATIONAL,OPERATIONAL,OPERATIONAL,OPERATIONAL
ChIJc2LKSq8sDogRBVCFK_YO7no,Bright Horizons Chicago East Loop,CLOSED_TEMPORARILY,CLOSED_TEMPORARILY,CLOSED_TEMPORARILY,CLOSED_TEMPORARILY,CLOSED_TEMPORARILY,CLOSED_TEMPORARILY,CLOSED_TEMPORARILY,CLOSED_TEMPORARILY,CLOSED_TEMPORARILY,CLOSED_TEMPORARILY,CLOSED_TEMPORARILY,CLOSED_TEMPORARILY,CLOSED_TEMPORARILY,CLOSED_TEMPORARILY,CLOSED_TEMPORARILY,CLOSED_TEMPORARILY,CLOSED_TEMPORARILY,CLOSED_TEMPORARILY,CLOSED_TEMPORARILY,CLOSED_TEMPORARILY,CLOSED_TEMPORARILY,CLOSED_TEMPORARILY,CLOSED_TEMPORARILY,CLOSED_TEMPORARILY
ChIJf1xHF0nTD4gRU1l8PJOvwpk,Bright Horizons at the Atrium - Closed,OPERATIONAL,OPERATIONAL,OPERATIONAL,OPERATIONAL,OPERATIONAL,OPERATIONAL,OPERATIONAL,OPERATIONAL,OPERATIONAL,OPERATIONAL,OPERATIONAL,OPERATIONAL,OPERATIONAL,OPERATIONAL,OPERATIONAL,OPERATIONAL,OPERATIONAL,OPERATIONAL,OPERATIONAL,OPERATIONAL,OPERATIONAL,OPERATIONAL,OPERATIONAL,OPERATIONAL
ChIJQ8wHUOssDogR9_IJrtYvRpA,Bright Horizons,OPERATIONAL,OPERATIONAL,OPERATIONAL,OPERATIONAL,OPERATIONAL,OPERATIONAL,OPERATIONAL,OPERATIONAL,OPERATIONAL,OPERATIONAL,OPERATIONAL,OPERATIONAL,OPERATIONAL,OPERATIONAL,OPERATIONAL,OPERATIONAL,OPERATIONAL,OPERATIONAL,OPERATIONAL,OPERATIONAL,OPERATIONAL,OPERATIONAL,OPERATIONAL,OPERATIONAL
ChIJUbDzVB3JxokRu4L34S4EJxg,Bright Horizons,OPERATIONAL,OPERATIONAL,OPERATIONAL,OPERATIONAL,OPERATIONAL,OPERATIONAL,OPERATIONAL,OPERATIONAL,OPERATIONAL,OPERATIONAL,OPERATIONAL,OPERATIONAL,OPERATIONAL,OPERATIONAL,OPERATIONAL,OPERATIONAL,OPERATIONAL,OPERATIONAL,OPERATIONAL,OPERATIONAL,OPERATIONAL,OPERATIONAL,OPERATIONAL,OPERATIONAL
ChIJdcguxQt7bIcR3zu35OY36Uc,New Horizon Academy,OPERATIONAL,OPERATIONAL,OPERATIONAL,OPERATIONAL,OPERATIONAL,OPERATIONAL,OPERATIONAL,OPERATIONAL,OPERATIONAL,OPERATIONAL,OPERATIONAL,OPERATIONAL,OPERATIONAL,OPERATIONAL,OPERATIONAL,OPERATIONAL,OPERATIONAL,OPERATIONAL,OPERATIONAL,OPERATIONAL,OPERATIONAL,OPERATIONAL,OPERATIONAL,OPERATIONAL
ChIJs4CzSeq3t4kR_NH7N91uh2A,Bright Horizons FDIC,OPERATIONAL,OPERATIONAL,OPERATIONAL,OPERATIONAL,OPERATIONAL,OPERATIONAL,OPERATIONAL,OPERATIONAL,OPERATIONAL,OPERATIONAL,OPERATIONAL,OPERATIONAL,OPERATIONAL,OPERATIONAL,OPERATIONAL,OPERATIONAL,OPERATIONAL,OPERATIONAL,OPERATIONAL,OPERATIONAL,OPERATIONAL,OPERATIONAL,OPERATIONAL,OPERATIONAL
ChIJM4z1SlwE9YgRwTfcNbk8PEs,Turner Second Generation,CLOSED_TEMPORARILY,CLOSED_TEMPORARILY,CLOSED_TEMPORARILY,CLOSED_TEMPORARILY,CLOSED_TEMPORARILY,CLOSED_TEMPORARILY,CLOSED_TEMPORARILY,CLOSED_TEMPORARILY,CLOSED_TEMPORARILY,CLOSED_TEMPORARILY,CLOSED_TEMPORARILY,CLOSED_TEMPORARILY,CLOSED_TEMPORARILY,CLOSED_TEMPORARILY,CLOSED_TEMPORARILY,CLOSED_TEMPORARILY,CLOSED_TEMPORARILY,CLOSED_TEMPORARILY,CLOSED_TEMPORARILY,CLOSED_TEMPORARILY,CLOSED_TEMPORARILY,CLOSED_TEMPORARILY,CLOSED_TEMPORARILY,CLOSED_TEMPORARILY
ChIJ40_D64oE9YgRD8XYOj7QKrU,Georgia Institute of Technology,OPERATIONAL,OPERATIONAL,OPERATIONAL,OPERATIONAL,OPERATIONAL,OPERATIONAL,OPERATIONAL,OPERATIONAL,OPERATIONAL,OPERATIONAL,OPERATIONAL,OPERATIONAL,OPERATIONAL,OPERATIONAL,OPERATIONAL,OPERATIONAL,OPERATIONAL,OPERATIONAL,OPERATIONAL,OPERATIONAL,OPERATIONAL,OPERATIONAL,OPERATIONAL,OPERATIONAL
ChIJq6qqqppjbIcRdCUDL78fnBc,Bright Horizons,CLOSED_PERMANENTLY,CLOSED_PERMANENTLY,CLOSED_PERMANENTLY,CLOSED_PERMANENTLY,CLOSED_PERMANENTLY,CLOSED_PERMANENTLY,CLOSED_PERMANENTLY,CLOSED_PERMANENTLY,CLOSED_PERMANENTLY,CLOSED_PERMANENTLY,CLOSED_PERMANENTLY,CLOSED_PERMANENTLY,CLOSED_PERMANENTLY,CLOSED_PERMANENTLY,CLOSED_PERMANENTLY,CLOSED_PERMANENTLY,CLOSED_PERMANENTLY,CLOSED_PERMANENTLY,CLOSED_PERMANENTLY,CLOSED_PERMANENTLY,CLOSED_PERMANENTLY,CLOSED_PERMANENTLY,CLOSED_PERMANENTLY,CLOSED_PERMANENTLY
ChIJ3bNazM0pMYgRJYrDlp8ujag,Bright Horizons,CLOSED_PERMANENTLY,CLOSED_PERMANENTLY,CLOSED_PERMANENTLY,CLOSED_PERMANENTLY,CLOSED_PERMANENTLY,CLOSED_PERMANENTLY,CLOSED_PERMANENTLY,CLOSED_PERMANENTLY,CLOSED_PERMANENTLY,CLOSED_PERMANENTLY,CLOSED_PERMANENTLY,CLOSED_PERMANENTLY,CLOSED_PERMANENTLY,CLOSED_PERMANENTLY,CLOSED_PERMANENTLY,CLOSED_PERMANENTLY,CLOSED_PERMANENTLY,CLOSED_PERMANENTLY,CLOSED_PERMANENTLY,CLOSED_PERMANENTLY,CLOSED_PERMANENTLY,CLOSED_PERMANENTLY,CLOSED_PERMANENTLY,CLOSED_PERMANENTLY
ChIJa0Y2Zo4HkoARhM_ODsBgE1g,Bright Horizons Child Center Inc,CLOSED_PERMANENTLY,CLOSED_PERMANENTLY,CLOSED_PERMANENTLY,CLOSED_PERMANENTLY,CLOSED_PERMANENTLY,CLOSED_PERMANENTLY,CLOSED_PERMANENTLY,CLOSED_PERMANENTLY,CLOSED_PERMANENTLY,CLOSED_PERMANENTLY,CLOSED_PERMANENTLY,CLOSED_PERMANENTLY,CLOSED_PERMANENTLY,CLOSED_PERMANENTLY,CLOSED_PERMANENTLY,CLOSED_PERMANENTLY,CLOSED_PERMANENTLY,CLOSED_PERMANENTLY,CLOSED_PERMANENTLY,CLOSED_PERMANENTLY,CLOSED_PERMANENTLY,CLOSED_PERMANENTLY,CLOSED_PERMANENTLY,CLOSED_PERMANENTLY
ChIJdaK7j2OAhYARx9WiGHeSjCg,Pacific Gas Children's Center,OPERATIONAL,OPERATIONAL,OPERATIONAL,OPERATIONAL,OPERATIONAL,OPERATIONAL,OPERATIONAL,OPERATIONAL,OPERATIONAL,OPERATIONAL,OPERATIONAL,OPERATIONAL,OPERATIONAL,OPERATIONAL,OPERATIONAL,OPERATIONAL,OPERATIONAL,OPERATIONAL,OPERATIONAL,OPERATIONAL,OPERATIONAL,OPERATIONAL,OPERATIONAL,OPERATIONAL
ChIJ2UAfDM85dYgRptx7ED8DDLg,Bright Horizons,CLOSED_PERMANENTLY,CLOSED_PERMANENTLY,CLOSED_PERMANENTLY,CLOSED_PERMANENTLY,CLOSED_PERMANENTLY,CLOSED_PERMANENTLY,CLOSED_PERMANENTLY,CLOSED_PERMANENTLY,CLOSED_PERMANENTLY,CLOSED_PERMANENTLY,CLOSED_PERMANENTLY,CLOSED_PERMANENTLY,CLOSED_PERMANENTLY,CLOSED_PERMANENTLY,CLOSED_PERMANENTLY,CLOSED_PERMANENTLY,CLOSED_PERMANENTLY,CLOSED_PERMANENTLY,CLOSED_PERMANENTLY,CLOSED_PERMANENTLY,CLOSED_PERMANENTLY,CLOSED_PERMANENTLY,CLOSED_PERMANENTLY,CLOSED_PERMANENTLY
ChIJufvRVGO2w4kRUd8a9gv6X4w,Bright Horizons at Metropark - Closed,OPERATIONAL,OPERATIONAL,OPERATIONAL,OPERATIONAL,OPERATIONAL,OPERATIONAL,OPERATIONAL,OPERATIONAL,OPERATIONAL,OPERATIONAL,OPERATIONAL,OPERATIONAL,OPERATIONAL,OPERATIONAL,OPERATIONAL,OPERATIONAL,OPERATIONAL,OPERATIONAL,OPERATIONAL,OPERATIONAL,OPERATIONAL,OPERATIONAL,OPERATIONAL,OPERATIONAL
ChIJszkP38tqkFQRUnVoLaAhuAc,Bright Horizons,OPERATIONAL,OPERATIONAL,OPERATIONAL,OPERATIONAL,OPERATIONAL,OPERATIONAL,OPERATIONAL,OPERATIONAL,CLOSED_PERMANENTLY,CLOSED_PERMANENTLY,CLOSED_PERMANENTLY,CLOSED_PERMANENTLY,CLOSED_PERMANENTLY,CLOSED_PERMANENTLY,CLOSED_PERMANENTLY,CLOSED_PERMANENTLY,CLOSED_PERMANENTLY,CLOSED_PERMANENTLY,CLOSED_PERMANENTLY,CLOSED_PERMANENTLY,CLOSED_PERMANENTLY,CLOSED_PERMANENTLY,CLOSED_PERMANENTLY,CLOSED_PERMANENTLY
ChIJC7Waj2JskFQR341Vq1hI46U,Bright Horizons at The Summit,CLOSED_TEMPORARILY,CLOSED_TEMPORARILY,CLOSED_TEMPORARILY,CLOSED_TEMPORARILY,CLOSED_TEMPORARILY,CLOSED_TEMPORARILY,CLOSED_TEMPORARILY,CLOSED_TEMPORARILY,CLOSED_TEMPORARILY,CLOSED_TEMPORARILY,CLOSED_TEMPORARILY,CLOSED_TEMPORARILY,CLOSED_TEMPORARILY,CLOSED_TEMPORARILY,CLOSED_TEMPORARILY,CLOSED_TEMPORARILY,CLOSED_TEMPORARILY,CLOSED_TEMPORARILY,CLOSED_TEMPORARILY,CLOSED_TEMPORARILY,CLOSED_TEMPORARILY,CLOSED_TEMPORARILY,CLOSED_TEMPORARILY,CLOSED_TEMPORARILY
ChIJ08QtzMJskFQRbpfQXQRGSR8,Bright Horizons West Campus,CLOSED_TEMPORARILY,CLOSED_TEMPORARILY,CLOSED_TEMPORARILY,CLOSED_TEMPORARILY,CLOSED_TEMPORARILY,CLOSED_TEMPORARILY,CLOSED_TEMPORARILY,CLOSED_TEMPORARILY,CLOSED_TEMPORARILY,CLOSED_TEMPORARILY,CLOSED_TEMPORARILY,CLOSED_TEMPORARILY,CLOSED_TEMPORARILY,CLOSED_TEMPORARILY,CLOSED_TEMPORARILY,CLOSED_TEMPORARILY,CLOSED_TEMPORARILY,CLOSED_TEMPORARILY,CLOSED_TEMPORARILY,CLOSED_TEMPORARILY,CLOSED_TEMPORARILY,CLOSED_TEMPORARILY,CLOSED_TEMPORARILY,OPERATIONAL
ChIJg4RKTtgVkFQRaoqxbSGpxBU,Bright Horizons at Ballard Blocks,OPERATIONAL,OPERATIONAL,OPERATIONAL,OPERATIONAL,OPERATIONAL,OPERATIONAL,OPERATIONAL,OPERATIONAL,OPERATIONAL,OPERATIONAL,OPERATIONAL,OPERATIONAL,OPERATIONAL,OPERATIONAL,OPERATIONAL,OPERATIONAL,OPERATIONAL,OPERATIONAL,OPERATIONAL,OPERATIONAL,OPERATIONAL,OPERATIONAL,OPERATIONAL,OPERATIONAL
ChIJI9aWMQDBt4kROrEA4-0iixs,IRS Bright Horizons,CLOSED_TEMPORARILY,CLOSED_TEMPORARILY,CLOSED_TEMPORARILY,CLOSED_TEMPORARILY,CLOSED_TEMPORARILY,CLOSED_TEMPORARILY,CLOSED_TEMPORARILY,CLOSED_TEMPORARILY,CLOSED_TEMPORARILY,CLOSED_TEMPORARILY,CLOSED_TEMPORARILY,CLOSED_TEMPORARILY,CLOSED_TEMPORARILY,CLOSED_TEMPORARILY,CLOSED_TEMPORARILY,CLOSED_TEMPORARILY,CLOSED_TEMPORARILY,CLOSED_TEMPORARILY,CLOSED_TEMPORARILY,CLOSED_TEMPORARILY,CLOSED_TEMPORARILY,CLOSED_TEMPORARILY,CLOSED_TEMPORARILY,CLOSED_TEMPORARILY
ChIJnyWDyIvlwIcRVibuJSSnyZQ,Bright Horizons at Research Medical Center,OPERATIONAL,OPERATIONAL,OPERATIONAL,OPERATIONAL,OPERATIONAL,OPERATIONAL,OPERATIONAL,OPERATIONAL,OPERATIONAL,OPERATIONAL,OPERATIONAL,OPERATIONAL,OPERATIONAL,OPERATIONAL,OPERATIONAL,OPERATIONAL,OPERATIONAL,OPERATIONAL,OPERATIONAL,OPERATIONAL,OPERATIONAL,OPERATIONAL,OPERATIONAL,OPERATIONAL
ChIJBxJOTaRYwokR9vdySH9mXvA,Bright Horizons at East 92nd,CLOSED_TEMPORARILY,CLOSED_TEMPORARILY,CLOSED_TEMPORARILY,CLOSED_TEMPORARILY,CLOSED_TEMPORARILY,CLOSED_TEMPORARILY,CLOSED_TEMPORARILY,CLOSED_TEMPORARILY,CLOSED_TEMPORARILY,CLOSED_TEMPORARILY,CLOSED_TEMPORARILY,CLOSED_TEMPORARILY,CLOSED_TEMPORARILY,CLOSED_TEMPORARILY,CLOSED_TEMPORARILY,CLOSED_TEMPORARILY,CLOSED_TEMPORARILY,CLOSED_TEMPORARILY,CLOSED_TEMPORARILY,CLOSED_TEMPORARILY,CLOSED_TEMPORARILY,CLOSED_TEMPORARILY,CLOSED_TEMPORARILY,CLOSED_TEMPORARILY
ChIJAQAAAHBLrlQRGyzGs5014Cs,Bright Horizons Learning Center,OPERATIONAL,OPERATIONAL,OPERATIONAL,OPERATIONAL,OPERATIONAL,OPERATIONAL,OPERATIONAL,OPERATIONAL,OPERATIONAL,OPERATIONAL,OPERATIONAL,OPERATIONAL,OPERATIONAL,OPERATIONAL,OPERATIONAL,OPERATIONAL,OPERATIONAL,OPERATIONAL,OPERATIONAL,OPERATIONAL,OPERATIONAL,OPERATIONAL,OPERATIONAL,OPERATIONAL
ChIJTw24iUpK3YARS_0wLiUJNxg,New Horizons Child Development Center,OPERATIONAL,OPERATIONAL,OPERATIONAL,OPERATIONAL,OPERATIONAL,OPERATIONAL,OPERATIONAL,OPERATIONAL,OPERATIONAL,OPERATIONAL,OPERATIONAL,OPERATIONAL,OPERATIONAL,OPERATIONAL,OPERATIONAL,OPERATIONAL,OPERATIONAL,OPERATIONAL,OPERATIONAL,OPERATIONAL,OPERATIONAL,OPERATIONAL,OPERATIONAL,OPERATIONAL
ChIJd9uMkXjWw4kR3EvP7h5hsA0,Bright Horizons,OPERATIONAL,OPERATIONAL,OPERATIONAL,OPERATIONAL,OPERATIONAL,OPERATIONAL,OPERATIONAL,OPERATIONAL,OPERATIONAL,OPERATIONAL,OPERATIONAL,OPERATIONAL,OPERATIONAL,OPERATIONAL,OPERATIONAL,OPERATIONAL,OPERATIONAL,OPERATIONAL,OPERATIONAL,OPERATIONAL,OPERATIONAL,OPERATIONAL,OPERATIONAL,OPERATIONAL
